crate_name,score
any_all_workaround,0.521430165783767
dontfrag,0.3102707898584867
deb822-lossless,0.5109184923569933
pmd_sir0,0.2992836173745446
srcsrv,0.476613824614298
fang_oost,0.2492261366678604
h264-profile-level-id,0.2324379482470473
lambda_mountain,0.244007834396969
cachedir,0.4624972128220421
hostlist-parser,0.4203544017369299
ambient-authority,0.6338366785847672
istziio-client,0.1845231804865262
edc-connector-client,0.2583598621772811
lsio,0.3525239137807553
naive_opt,0.2679404158425704
eff-wordlist,0.3546322291005738
tokio-condvar,0.4125443163772468
fmri,0.1866157444394914
disambiseq,0.2876362703687554
tembo-stacks,0.2729574801868069
partition-identity,0.4688624383462826
megaphone,0.2811748281788584
memoverlay,0.2462288583249199
ament_rs,0.169684571446151
unitig_flipper,0.1783043991865196
scursor,0.2413714235102997
polyhedron-faces,0.2808954054725154
seq-fmt,0.3517840442174126
mongo-file-center,0.3052625328955246
hepmc2,0.2826750198994623
sgx-quote,0.3729283361127264
gchemol-parser,0.3618490120405199
fuller_config,0.2161853800134391
longest-increasing-subsequence,0.6175385886654449
dendrite_macros,0.2405832971600845
mp4san-derive,0.2481367872952242
adjustp,0.2395292031355466
varfish-server-worker,0.1265914550339628
raunch,0.2563754155271548
fedora,0.2934714337494671
particle_id,0.2150745305695413
nom-greedyerror,0.4356947586445154
tproxy-config,0.2475145006690602
anyvalue-dataframe,0.1834520424180137
leptos_query,0.2173238246126891
futures-loco-protocol,0.207721121691009
renpy_parser,0.1462681753684121
is_sorted,0.4537498730722527
newpfd,0.2509722810678628
resource_proof,0.3505622247506925
minimizer-queue,0.1785370007433418
nimble-participant,0.2860155437387366
rapid-utils,0.1679157456522105
minecraft_folder_path,0.1616729649398842
ndcopy,0.2976111839984545
skin-builder,0.1573977596361302
golomb-coded-set,0.5150555973237356
match-lookup,0.6529683056008929
ouch_model,0.1124040363060378
petpet,0.1260634733863883
yewdux-middleware,0.1737945247170181
afrim-memory,0.1191470534080758
dilate,0.149146654888734
trillium-html-rewriter,0.1323077720797728
cache-padded,0.5195968464090432
lassie,0.2137301281297334
integrationos-domain,0.1277974064689236
celestial-hub-astrolabe,0.1556311572373507
magikitten,0.2609402712325538
debounce_fltk,0.1536822264007457
strip_bom,0.2629667044335947
jsonref,0.3197680581858605
driver-pal,0.2640878918502416
embed_plist,0.6471008456638022
colibri,0.266477461473256
warmy,0.3421061975171869
fishers_exact,0.2138507243258776
logsumexp,0.2705048645356005
microkelvin,0.2765891159217357
wavelet-matrix,0.2184525623109524
u256-literal,0.4333316470814338
megaphone-operator,0.1095485707575896
analytics-next-macro,0.1118650330865957
ibc-middleware-overflow-receive,0.4344535905239542
kahan,0.2807533792520122
radar-rs,0.1545731103965731
sqlx-transparent-json-decode,0.2555884135445818
lmutils,0.1451571979387131
dynisland-core,0.2681312589664127
runeauth,0.3357112450605096
arf-strings,0.5106586643270945
mixnet,0.6569963231226197
encoding-utils,0.4351296487692226
db_config,0.1318518381797581
duplexify,0.3525190983288932
unzip-n,0.5642184728016681
plugin-request-interfaces,0.1436798904704508
jetty,0.1404659265796643
plugx-input,0.1093744178522217
dummy-pin,0.1999321990297533
avr-config,0.1819333188516983
astro-format,0.2333374060115935
splitmut,0.3879787978224786
cargo-limit,0.1204524189930423
muldiv,0.6178608637648002
index-utils,0.1868891805064349
process_mining,0.3467232516027238
texel_types,0.1181467836652708
twobit,0.2083101909925847
extend_map,0.2509429347233347
graphcast-sdk,0.38557973315647
near-sandbox-utils,0.4655804454684253
mongodb-gridfs,0.2781889887599791
slothunter,0.0955129439433939
lib-ruby-parser-nodes,0.1709657572323644
datafusion-data-access,0.1980348210551606
reqwest-impersonate,0.2960027634357906
hg-parser,0.1673669587346275
scratchstack-arn,0.1880403761061203
copy_confirmer,0.1250747940301031
cache_control,0.566435895381723
gitfrog,0.1114194956148016
anyslot,0.1893116154372924
xremap,0.1406508026755724
qsv_vader_sentiment_analysis,0.1894140557738625
qsv_docopt,0.2237905239097996
url-search-params,0.2697963103653802
nel,0.1451042849588336
etradetaxreturnhelper,0.1289879441235027
vlq,0.5507255751533023
bmbp_lib_ui,0.2035239055592742
winstructs,0.5172268408513742
phomo,0.1653776961601412
alpha-counter,0.1574650681732787
nash-protocol,0.3257724598830845
skelphore,0.1021164583395275
logaddexp,0.1252070981471178
fugit-timer,0.5411776609225509
probe-zmq,0.0980096755118841
yaml_error_context_hack,0.3669078949782379
serde_nanos,0.7166525508686744
aocleaderboard,0.1034985573208039
tracked-impl,0.1436994326660569
rayon_croissant,0.2575713668170274
avery,0.1292922795631673
paperdoll,0.1537731786168062
unveil,0.2989110189390053
ilda,0.2080731307300182
coal-guilds-api,0.2560938718286366
darwinia-bridge-primitives,0.2047334118367823
etcd_dynamic_state,0.1564146354157378
datagram-chunker,0.17409613989996
pharos,0.7428943092875495
emote-psb,0.1652313923615057
pros-simulator-interface,0.1371134400653099
v4v,0.1158734565524593
fns-api-client,0.0907022117173108
more-changetoken,0.2412438385924766
ase-swatch,0.1551659105205165
filetime_creation,0.4966055956797806
params,0.4322893711134911
stourney,0.1032815784097169
rfc-manager,0.2387986325798541
wspr_cdk,0.0995478710860426
substrate-spec-version,0.0961747659311733
shad3,0.1168492929988134
scala-native-demangle,0.3287115969517262
log-mdc,0.6808377250662085
deferred-box,0.1682879419408085
perseus-size-opt,0.1955011088201847
d7sneakers,0.1810686020855732
yew-callbacks,0.1540487573711687
solana-ramp-tps,0.1434869709732465
pdudaemon-client,0.1207647505660419
flv-util,0.5269512278546695
archimedes_shutdown_signal,0.1829564510846881
ibflex,0.115671775626932
libnewsboat,0.0996977151724842
ribbon-health,0.1192699746557843
stream-guard,0.2562942900625702
occlum-ratls,0.0971253261889362
rapid-fs,0.1583069768258027
mlzutil,0.2294639870836545
tapyrus,0.1943983480906573
snake_case,0.3318464432147847
fugle,0.1103042809914282
unicode-reverse,0.6410091772586317
rtx-cli,0.1532681781691672
dioxus-retrouter,0.1316788215199783
ufotofu_queues,0.2081584028311669
egg-mode-text,0.1367591991246007
duplex,0.4118268674641932
console_static_text,0.4941707374800936
zygote,0.2481144515526083
revec,0.1889066594544956
hamming,0.4882858451767181
welch-sde,0.3532977517004641
secure-execution,0.1892010724061865
ragged-buffer,0.172772717953646
kolmogorov_smirnov,0.2653387950506862
quartz-rs,0.1225233445882331
python_comm_macros,0.2169936505342878
gimei,0.1311577652066633
cutoff_list,0.1780640891160392
iovec,0.7638356161245888
rtf-grimoire,0.1638071146540569
suspicious-pods-lib,0.1597835410550564
clia-tracing-appender,0.3034735857616223
dvi,0.1688410071389913
wecom-agent,0.098642243805436
cache_line_size,0.3198065633296549
docker-command,0.1653611160570734
argio-macro,0.1606919772574199
rocket-mongo-file-center-download-response,0.1014258207637718
blist,0.269400580572144
parpulse-client,0.0938709579733818
fenwick,0.3095634422333784
duval-rs,0.0889211168142963
webtek-grader,0.1134800235993178
gomod-rs,0.1399479697479724
osm-waters,0.0874367722250098
casper_utils,0.175503280101058
amd,0.4709591203577674
dark-light,0.7035064897127316
parse_link_header,0.5851132842577713
hytra,0.1932828279019309
textnonce,0.5771826744027923
tokio-interruptible-future,0.2419112860312779
rust-cdc-validator-client,0.1011370124512021
gzip-header,0.6241536337426494
evtxtools,0.0953233325579494
binator_core,0.2250139769224882
nftables-async,0.4352972104496775
bmbp_ctx_vars,0.0902489772998878
nml2,0.0921709708879956
avalanche-installer,0.125838470182955
draw_state,0.548171964071386
as-raw-xcb-connection,0.7272318172049677
gurufocus_api,0.2980524790437363
gtdb_tree,0.106349637468516
minidom-14,0.2231764713725038
warts,0.1903562922073682
gtmpl_value,0.4565940024739611
pbd,0.1871774321234668
bofh,0.1041652992781508
script-format,0.2527347819477509
lispify,0.1463954256604248
jlcpcb-to-parquet,0.0860152530866061
gz-fuel,0.1146416428247904
connection-string,0.5367731746271188
arm_pl011,0.309377568067293
fluxio,0.1533219000883419
history-box,0.150151094775288
ensure,0.1962691043322919
logix-type,0.1545834270309363
retry-after,0.2885501328017903
split-stream-by,0.2225483426294923
serverless-cost-calculator,0.0872223930665456
process_path,0.4618054157762593
pongo,0.0865433604788222
parse-book-source,0.2243326627303077
uri-template-ex,0.2733326816495625
write16,0.8681533726064719
image-anonymizer,0.1077676281017579
ip_rfc,0.3077337224318662
datta,0.2219146292521501
geist_common,0.0835512260426004
rcrt1,0.1853541491744589
bubblebabble,0.222570192681918
sampi,0.1011086427290977
bullet_stream,0.2755604571059172
debugid,0.8329412607665845
close_fds,0.4594590424851085
i2p_client,0.2257403294158746
mx-tester,0.1329235857899176
ianaio-history,0.1447574535230367
mmdbus,0.2358089056650788
spider_firewall,0.3820229209211263
parseit,0.2524158976603051
stripper-xml,0.2182274688850472
hc_crud_ceps,0.0950291505529683
atomic_web_push,0.1033340598570829
session-keys,0.2106213952546727
tpctools,0.0979463960794882
cp211x_uart,0.1283715323240352
rustplexity,0.0834194115744793
photonio-base,0.1498687390095529
a2-memory-map,0.1217452890901299
copyless,0.549326507995732
baton,0.117113206713098
chunk-reader,0.3754706679305243
paperdoll-tar,0.1529127789053609
powierza-coefficient,0.1078563960710233
soupbintcp_model,0.2132356535570053
none-shall-pass,0.1072989659463674
winfu,0.0943486496944631
revault_tx,0.2293102546947385
computus,0.4177785635058172
vec_extract_if_polyfill,0.4713845307651446
vcr-cassette,0.4171571647387325
jaro_winkler,0.2837304184944904
shinypenny,0.1108634305143951
inverted-pin,0.0892445595713018
nacha,0.087454316696325
car-mirror,0.2010154063977154
unc-validator,0.1015924925460867
tick-id,0.3088490137347101
miraland-gateway,0.1875816489424066
octopt,0.2802669320661055
magiceye,0.0880189194268421
libfrugalos,0.2820421541053777
tintanum,0.3430246181529944
map_in_place,0.1243588380478111
pangaea,0.0809983864447615
debug-fn,0.2469875350819551
skyway-webrtc-gateway-api,0.1538663592647278
glossa,0.3039749825113749
ara_source,0.1302557980346437
dagger-core,0.181196951532515
static-pubkey,0.4591797942621078
stm32-device-signature,0.2968750630624938
dtoa-short,0.73955458949661
fbleau,0.0805399469340473
serde-persistent-deserializer,0.2601195959614119
helium-api,0.1075589627324986
beemovie,0.177257581066918
ifmt-impl,0.2790478098654227
monitor_cli,0.1192798158725852
brb_membership,0.2587934788746678
big-luca-bot,0.1096950536173759
python_comm,0.2183949836310282
ftl-protocol,0.1301583537960633
gh-trs,0.1129615147031372
limbo_ipaddr,0.1574426519872978
spaces,0.2884669338359864
stc-s,0.1718710309470579
erniebot-rs,0.0922666284876415
wasm-embedded-spec,0.2553709127203991
clircle,0.6078922151522208
wezterm-input-types,0.7287254006737003
fbthrift-transport-response-handler,0.2206420745356765
itertools-num,0.5744386226784215
event-listener-primitives,0.2975415168641406
votesmart,0.099190386578952
contrafact,0.5227625304526134
csv-sniffer,0.3100267647879453
docstring,0.1685817212342764
fastcmp,0.1383937095790933
zifu_core,0.0983051920811982
cygnixy-plugin-interface,0.1027835222911994
pddllib,0.0939974483895592
semolina,0.2539520384835508
bind_syn,0.2221136843457718
snapr,0.0949718413204331
daml-json,0.2351829457880349
nil-slip44,0.1191199135563154
hyperdrive-math,0.0838121642441147
sloppy-rfc4880,0.183123962270164
bandwidth,0.2221847995666636
okkomm-rs,0.1020659212685446
elefont,0.3158596091478647
oasis-client,0.1354969717025569
chart-file-parser,0.1107325258542347
line-span,0.4183065546690792
memmem,0.6873870737628652
hyper-named-pipe,0.7656632563237061
utf8-command,0.2601310964890773
pick_action_from_image,0.0792885215040832
rsvd,0.1362366517840773
fcomm,0.0780363194047377
nblast,0.0755488034157876
fastobo-graphs,0.2302546871429986
once_cell_serde,0.1849319930898308
clanko_zbierac,0.0862126030164843
qsv-dateparser,0.3665487528787431
nybble,0.1309012713152708
postgres_money,0.2302186322996407
reddit-search,0.0896288221117321
fault-injection,0.5703989619216693
cargo-strip,0.1580288622355727
psi-test,0.0952146404277653
flexiber,0.2924327954758833
hopcroft-karp,0.1153569063631576
nagios-range,0.2014540280786843
teo-teon,0.1035719727154944
vrc-get,0.1303347859704916
gpoint,0.2580117970014921
fastrange-rs,0.3689834376242044
kustomize-pass,0.0906084999209509
lenna_core,0.1649265721566416
awaitdrop,0.3520933756187058
dev-scope,0.1125391132298378
glyph-names,0.4397634204118437
ssp,0.1789882511163265
conclave-room,0.1479103955902918
libft,0.1130531164068726
dusk-bytes,0.4936131142208477
zoneinfo_compiled,0.2775527631155184
introspector-gadget,0.1042717566486867
urbit-ob,0.1232519788790398
jwalk-meta,0.1796449386735161
handlebars_switch,0.2065180275314788
ksre-tui,0.2245367151449966
fetch_unroll,0.1054741286819912
niftygate-bindings,0.1759202247881492
viewercount,0.0766722866471399
country-code-enum,0.240975460741691
blutils-proc-adapter,0.2180026679849408
when3meet,0.0744196775006017
watto,0.5585587515492828
secured_linked_list,0.2987521402193457
package-lock-json-parser,0.373082031739295
spotifymosaic,0.0788749761855985
ark-srs,0.1383480971010124
docker-sync,0.1984626672597002
brydz_core,0.2272297632964357
spyglass-netrunner,0.1229690499327402
serde-metafile,0.1367799539557712
pathos,0.4449348039403882
tauri-plugin-power-manager,0.0982457319458968
biscuit-parser,0.5952881058540742
type_cell,0.2920319016972884
i2c-write-iter,0.3593451933856298
robonet,0.1087124033516612
near-units-macro,0.2108579498810857
pymedusa-zip,0.0840196775601387
strason,0.2682758942571188
sn_service_management,0.3830793504858489
gchemol-neighbors,0.2913564277345888
gate_calc_log_bits,0.2170327640149997
git-tellme,0.0968831995580005
whi_hdi_extensions,0.4005788464931029
vpnkitrc,0.0892692547874491
moving-least-squares,0.085933831465344
futures-ticker,0.3249602055298651
blip,0.0987928089431451
mccs,0.3390260185328982
deno_native_certs,0.5463723077728925
hybrid-api,0.1013049931621699
teemasterparser,0.0949177415187294
marine-call-parameters,0.4597551704509674
borsholder,0.1095926248576735
timada-starter-client,0.0877602356075466
nu_plugin_bash_env,0.0792239808845805
thqm,0.1078152152712728
spawnflake,0.1476319702208582
bmrng,0.4711838060953577
dummy-waker,0.2288408227192709
tico,0.2826697953604587
csaf,0.3083543239497482
thread_tryjoin,0.0954623341716567
op-contracts,0.1197077462994867
serde-file-value,0.1542928004486036
redmaple,0.2498047473815901
toxicblend,0.1074830119026129
check-latest,0.4192767580781361
smashquote,0.1772080768914727
ttygrid,0.1306507782549141
rusty-belt,0.1047773909552044
zinnia_libp2p,0.1162201117125862
sdkman-cli-native,0.284360397882243
t4_idl_parser,0.1283062129469973
streamdal-wasm-detective,0.0841865317567994
content_disposition,0.5332370740093872
nanorpc-http,0.3802238694567773
beacon-verifier,0.1096576030486098
mnemos-common,0.1153051809054462
bytes-lit,0.5512604753499237
gchemol-lattice,0.3196271059051468
yubibomb,0.1456800367925051
freelist-rs,0.1475697842408322
sim2h,0.3592403480245993
swarmd_local_runtime,0.1642190053472502
alloy-ccip-read,0.1516931742244518
telegram_graph_downloader,0.0732185229578831
acadcheck,0.132131300946535
fastobo-syntax,0.3241801621666763
yeslogic-unicode-blocks,0.3264462114992996
css_dataset,0.3358977000705528
codify_hoijui,0.1143143936429293
terrabastard,0.0779337546206603
mint-proxy,0.2231734288501796
unifi_protect,0.1885226563461038
thrift-pool,0.2484534661905229
tracing-texray,0.3349412902086296
lhef,0.1951387285407813
monoutils-store,0.0879048792290889
cross-socket-deps,0.1527729831987342
oasysdb,0.1043764859623989
http-diff,0.0880954246540645
bamboo-rs-core-ed25519-yasmf,0.2572157413476352
libftdi1-source-lgpl,0.2124570739643532
readkey,0.4219190253127846
pixy-core,0.1855187822954286
doorstop-rs,0.0773195126999457
fregate,0.1325949706494526
novel-cli,0.1424577128285575
senhasegura-rs,0.0820050471371629
powercap,0.1755008404455952
fnmatch-sys,0.1235646293164438
crt0stack,0.222421512690946
infmachine_config,0.1513936915224537
seal-the-deal,0.494271802578053
linux-personality,0.2561266553220005
fi-common,0.2763462992523254
hanteker_lib,0.1060904083562356
munkres,0.3172438238519562
facebook-graph-api-object-error,0.1961991029742087
cloud_task_executor,0.1672109527866985
ots-core,0.1080365684293582
duckdb-postgis,0.1076208748369203
yttria-coding,0.0915181876842874
teo-parser,0.3792669371331955
list-any,0.2871660643792397
token-source,0.5534475068193507
hashing-serializer,0.3175447624181
gsm,0.1229537693418113
wataxrate,0.079650700832709
ribeye,0.0908960952374172
komodo_cli,0.088604867898735
tuple-map,0.1835432397338033
hof,0.0968586247970149
ethers-erc20balances,0.0733453626412307
palaver,0.4318108281807816
meanshift-rs,0.1216368415390101
tentacli,0.1901115305295155
sing-box-cli,0.0749287341173034
brickadia,0.1970611698515778
gannot,0.174849423179742
intc,0.180157215002876
dconf_rs,0.2882785402290547
dw_apb_uart,0.1916231611303491
pandora_box,0.101092437404928
suricata-ipc,0.1191048456259454
urbit-http-api,0.1663799257037285
gosh-adaptor,0.0764597804408035
wayland-csd-frame,0.762834852423815
gogoanime-scraper,0.1031694515929261
tick-queue,0.2392858973627957
akaze,0.2381079039141358
avalanche-network-runner-sdk,0.0851287722593463
databend-sql,0.1385466301686234
wit-schema-version,0.2910673155381847
caseformat,0.203345285106558
ebiotic,0.0865761672992352
shakuntala-devi-trainer,0.1103777389656506
stalkerware-indicators,0.1081232611427081
treestate,0.1722243262983302
oci-distribution,0.5929662827930541
hp_tr_finder,0.2365153184039507
ecdna-lib,0.0718335092760791
cashier-server,0.0877291792743551
nppes,0.1071673236397281
break-hash-example,0.086868903511446
czt,0.1222166999024275
oi-pkg-visualizer,0.0739745458011573
lfa,0.1674399390418514
idasen,0.0849295843583139
stardetect,0.1042723048786022
swf-types,0.1901301027432714
shared-local-state,0.5810087228379225
poi-radio,0.1190096806319069
persistent,0.5120611093698291
quoted_printable,0.6652025910650688
get-root-flags,0.1427833668993245
monea-cli,0.0813820062926858
cwmanage,0.0858852860969775
float_duration,0.2032115001645416
travis-after-all,0.0800649559056633
mmledger,0.1187879460865034
tauri-plugin-manatsu,0.1407409635440931
singer,0.1304487221505049
bevy_sepax2d,0.0810884903375374
unicode-normalization-alignments,0.6951020078401027
layered-io,0.3548010676936707
modinverse,0.3313013021354631
obographs-dev,0.226572334658526
usask_cba_calc,0.0680324453783881
error-graph,0.4157656132588868
balatro_mod_index,0.2615936652833224
trans-arxiv-bot,0.0897869421377788
bitceptron-retriever,0.0814593533997391
eira,0.324088129954372
scopefn,0.1759183477375026
handlebars-concat,0.15590570589496
w3s,0.1976663323366495
ipset_lookup,0.0776727157037751
soundpad-remote-client,0.0769385373544021
jss,0.195554795788447
split-digits,0.0892439029784226
fctools,0.1152854919416413
concorde,0.1655741315464184
libpylon,0.0859976136588095
teo-generator,0.1333232394464598
pinentry,0.5534057667150154
bodhi,0.3087829621560527
ieee754,0.6716646665798499
panty,0.0753432113574784
theta-chart,0.1563310418575727
adguard-tui,0.0938759054581032
nichi,0.5043171695337686
maili,0.0875910753161626
atomic-dbg,0.34375302192444
podcast_search,0.1687338727567528
gh-lens,0.0911880592692017
windows-service-detector,0.1638610871622752
tls-detect,0.4601418549620116
sunspot,0.084348452276608
urlencoded,0.4930766264975454
movie_utils,0.112646570594761
cadsus-client,0.1028247788664618
bupropion,0.1764290896667231
pythagorean-hodographs,0.0712821272073482
modality-network-node,0.1194146664462317
signifix,0.1490517923344171
labyr,0.087065608556431
kismet-cache,0.1701276217658346
available-enis,0.0660120379582549
simd_helpers,0.7672805085591332
proteus,0.3773403214165274
ark-sponge,0.2078641185220225
unchecked-index,0.5878137347431338
gateutil,0.1686226459086664
dioxus-helmet,0.0877755590661123
mrblackjack,0.1074966584686578
gibbername,0.0871810201307609
vizier-adql,0.070232373632337
weather-utils,0.1711599711898332
num-order,0.8059483189957461
random-world,0.1612112915659329
hcid,0.3308745948282306
camera-intrinsic-calibration,0.12589163324625
khalzam,0.1245054157077848
triggered,0.534260725171578
spandoc-attribute,0.3323033714028175
fb2,0.1864686104183495
libtest-mimic-collect-macro,0.1055245368690996
geph4-protocol,0.3835714255324056
stakker_mio,0.1241762034679658
lexiclean,0.4526605150483193
bulk-gcd,0.0731078582090336
thisctx_impl,0.0993380226573236
syncmers,0.1379497852534379
lsp-document,0.1883280792430496
sv-filelist-parser,0.2010921166479583
ojos,0.0735447626897209
urn,0.4656561982765248
hydroper_jet_compiler,0.0756039638640416
trackermeta,0.0881461101073993
hax-lib,0.6281792058931545
ical-merger,0.0700911362869414
disk-drive,0.2184997118018569
serial_enumerator,0.1991272966402958
slint-center-win,0.0710996473678927
breakout,0.1622729984016835
debian-analyzer,0.4293702006827658
arena-core,0.0927940504182603
platter-walk,0.1572276644523315
log-analysis,0.1057733841372847
chimes-utils,0.0762759796330712
tunein,0.1574699832148097
clear_on_drop,0.5555896009736173
tensorboard-proto,0.2733709572409862
auto_encoder,0.5075135228591842
distimate,0.2131095831462647
smooth-operator,0.4488265728726343
service-binding,0.2911287713368576
octs,0.3191958067883449
ojichat,0.0994057276121464
methylome,0.1259343607009738
par-dfs,0.1483058034171747
api-impl,0.1717133512790983
driftwood,0.2963119786591352
snapup,0.0954926662772556
filename,0.3052306274551738
hilbert_transform,0.109842682163882
altio,0.0760480744213267
tidploy,0.1086658934522467
eval-stack,0.1866918936211545
reservoir-nft,0.0983260244982178
pulsesecurity,0.0683668445388483
cursive-flexi-logger-view,0.165308054118845
process_alive,0.3264350683773954
opt_struct,0.1399249900050652
mxidwc,0.0945187613565478
const-tweaker,0.2529130902416622
apollo-at-link,0.1192417599422612
sys-kaleido,0.0831689447148092
zenkit,0.2334789431577934
strava-data,0.2968799543141251
log-reroute,0.3833264568110845
clicksign,0.0846790233492315
lstsq,0.5440507612643656
detexify,0.1856871998246405
sw-composite,0.3956819266161146
acpid_plug,0.2203878634761813
rocket-mongo-file-center-raw-response,0.1052485939078637
osstrtools,0.2313876061056426
os_display,0.6025359917519757
calmio_filters,0.4267764384342458
betacode,0.1061670508536892
drg,0.1132990915673508
redismultiplexer,0.0822661271112626
terminal-banner,0.1497236854938536
nextcloud-passwords-client,0.1402752183088101
ostree-sys,0.2853231776814054
blake-streams-core,0.1800010466306016
apollo-utils,0.3657292263656722
trenitalia,0.0837394507799067
rotala,0.1091663022752823
dialga,0.0711685195585118
tailscale-dmenu,0.0811110618563234
uritemplate-next,0.5873775642796527
saorsa-rsps,0.2904893895954802
tofuri-block,0.2865125642609046
zuse,0.1138343921108334
phlex_emmet_ls,0.0860429886509277
gcdx,0.1948138587348916
paragraph-breaker,0.1765917954390839
crb-superagent,0.3342728140334552
matrix-http-rendezvous-server,0.0805156192496118
glotaran_converter_lib,0.0977327119110153
savant_core,0.1001704823714338
reverse_search,0.0728785448724748
versioned-feature-core,0.1959883225331353
sfn-paw,0.0843744228324764
three-edge-connected,0.1481761558353882
metaboss_lib,0.2755240121942952
keyed-set,0.5789110747377411
static-iref,0.6928265504959631
tracing-layer-slack,0.1056150949234613
json-writer,0.3752844882634604
zpowergraph,0.0638419386450573
ecpool,0.1430916238853588
rdf_vocabularies,0.3418506517213687
gazenot,0.4677492132804448
hungarian,0.1069524777528284
firestarter,0.0891730761439464
tokio-run-until-stalled,0.218415135133107
unicode-joining-type,0.4959249559767106
apivolve_generator_api,0.0723482810509309
minknow-api-rust,0.0696740257632912
duolingo-query,0.0714144620395274
zoom65v3,0.0895861088072423
connector-sdk,0.0854565353050772
cargo-mote,0.0660059120070932
figment-json5,0.2422793657974341
streamstore-cli,0.1273108202636759
portdiff,0.069717549533634
mowl,0.3187704556675271
os-checker-plugin,0.264748289783358
safe-mix,0.4782818423384882
user_agent,0.0965523921344918
figma-asset-downloader,0.1104526032030563
smelter-utils,0.2041917118549757
souschef,0.092086120935473
citrus-migrations,0.0934027946933818
riemann_client,0.2686377846228595
doppler-rs,0.1634605283399416
ark-nonnative-field,0.3233749716875324
globescraper,0.0731757018200843
makedeb-srcinfo,0.0711232622629634
json_value_remove,0.1964111659517408
gml_log_parser,0.0897185983955468
savan,0.1669518963620185
near-verify-rs,0.3770323531141519
muda-win,0.1009431618215443
bspc-rs,0.1677137128792419
lilv-sys,0.1715923188984998
rayon-scan,0.5558628001064593
spira,0.1246861598931609
estimated_read_time,0.0721072315143457
zero_sum,0.0788809205062711
whi_hdk_extensions,0.3515279975419665
alloy-compat,0.2392841485203606
fs2db,0.0909647851209423
pinetime-watchface,0.1914048920052025
r2d2_cypher,0.3926583036208872
swc-css-fonts-dl,0.0667423506518635
webpack-q,0.0815321541900735
alpha-rra,0.1828064510058578
fstab,0.271069427795772
basecoin-store,0.3922306505379688
env_perm,0.1451005465610182
gnss-protos,0.2674946569869754
filters,0.3660159747903598
eaip,0.0757540314371744
interactive-parse,0.1416238813690472
mashin_primitives,0.1987439815825148
unstructured-client,0.0727018663890103
keylist,0.1469433324924623
jmx,0.0986318291191447
att,0.1299180746277312
relative,0.3524555054162288
chaiwala,0.0799226389539829
gosh-runner,0.0694803502305429
bitwarden-exporters,0.1797572956101635
thrift_codec,0.5906795653260962
utf16_iter,0.7777975640848459
mshio,0.4146959915679831
network-tables,0.0909058644185849
addchain,0.7655032942722126
afibex,0.2452300575812974
derive-cmp-ops,0.1580423671073973
url-matcher,0.102753969959097
libpaprika,0.0847096975743239
kapy,0.0934885388713262
ygw,0.1587495059570663
project-base-directory,0.1483962633911455
cacaos,0.2929559832753571
mqtt-benchmark,0.071376314436427
zffanalyze,0.0756120809916887
mdbook-bash-tutorial,0.0771874921008886
numquant,0.2929504612033151
bugzilla_query,0.2025042589818779
reap,0.066291485982958
mediaflow_derive,0.109350631279793
icecast-stats,0.0780803938894776
bip39-dict,0.2359499636388127
pinata-sdk,0.2049290142966358
undead,0.0715416619414321
keyphrases,0.2387014410837968
chrono-datepicker-core,0.1670614355848039
miniquad_text_rusttype,0.2471375147188675
twelve_data,0.0919659070326464
maud-live-view,0.1418093902786975
partial-io,0.114236895600807
eva-client,0.2048934551049389
async-hofs,0.1097847234441929
gpl-session,0.1419644852977956
fofa,0.0926971164820875
wot-td,0.2871788309379096
serde_json_any_key,0.4617987765822435
epub_metadata,0.0886175019947575
hinted,0.1783018242287804
editres,0.1343933272953468
ktxstats,0.1376018358258356
axolotl-cli,0.0783719302129862
barectf-parser,0.0784352559732115
rustdct,0.6249726243250563
ark-transcript,0.705092400914207
quake_infostring,0.1933754494655336
autd3-link-visualizer,0.1221595318389105
ibm437,0.146718702092081
wu-diff,0.3406335635634466
mathio,0.2721234369603197
vtubestudio-cli,0.0768279549885863
eth_checksum,0.3160422195324737
bosonnlp,0.1127487573400805
outbox-pattern-processor,0.2110457839894907
gdl,0.2744718750095032
css-knife,0.0863728495165824
prelate-rs,0.1027202566324134
automerge-persistent,0.2097458822343973
something-awful,0.0711287784518398
dbang,0.088741717296268
tide-sqlx,0.2144600738059507
distmat,0.0810644491098502
mural-client,0.079354471525572
content_inspector,0.7320087173568463
ciid,0.0746182022363938
in_definite,0.3955250452909966
summer-boot-autoconfigure,0.1962378629588546
jib,0.2486339337774367
zenkit-cli,0.0855158297640477
behrens-fisher,0.0888195571189794
boost_optional,0.3153100095661809
a1,0.155120972449761
airac,0.087572317611771
itm_logger,0.2497471970381936
int_ratio,0.3059558068576115
moto-sys,0.1204065109753838
serbzip,0.0870301236534566
rocket-accept-language,0.2929942088848603
pinboard,0.2527624732063857
weg_li_api,0.0814393428276959
f-tree,0.088949441790314
ai00-core,0.1888824713324332
nosyman,0.0669046597545797
py_literal,0.7150765630068676
audioleaf,0.1089658374160887
loco-protocol,0.289643495446287
jundler,0.0882719551473827
hyparview,0.1242984663662721
unicode-math-class,0.5220897069190399
headless_chrome_operation_map,0.0822596410817038
boost_fusion,0.3212563833299469
equivalent-flipped,0.2788650360977182
shiori3,0.1263972405163168
rtrend,0.083288178098084
whiteread,0.2198372290532567
audit-filter,0.0648740004024415
temp-mongo,0.0765458053666151
nalgebra-mvn,0.0944489215905588
rseek,0.278486755355547
proc-macro-faithful-display,0.1260431770683485
msru,0.2524653270603473
bayou,0.0855100686230324
fdh,0.3119683005777164
portable_atomic_enum_macros,0.362215983510407
threadporter,0.1780368769313917
rmesg,0.1168679029037026
fast_transpose,0.3577379506760191
canaryspy,0.0625757062512522
codepage,0.6715419338111581
sim_connect_macros,0.1441813273303013
swquery,0.0743168198044556
problem_generator,0.0650603322208293
sablier-cli,0.0987822282996077
ats-monitoring,0.1128297277915583
pprog,0.0975006831939677
hwndloop,0.0874043876342451
novel-api,0.2724003204414585
slip44,0.2437760254449269
opensky_api,0.1235241219868188
sdwebuiapi,0.0732876221073031
sharded-offset-map,0.1888476652634351
once,0.1447083103158298
rmq_monitor,0.0863226609664317
leetcode-picker,0.0821136804271701
smallnum,0.1749907679802997
hftwo,0.0720526105864762
viguno,0.1165061324061721
readmouse,0.4116737954906434
aqi,0.1220850082380261
auxon-sdk,0.3064291306386784
nr-cif,0.0582306348741276
kovi-plugin-live-agent,0.0720764981068449
partial_ref,0.4525131527814396
gfas,0.0729941252720281
bn-rs,0.5766332056372085
cargo-sphinx,0.0830174334875542
p7m-appointment,0.0765301058924045
megaphone-broker,0.0916172384234889
exonum-btc-anchoring,0.1181722516393522
unicount-lib,0.1375449225478902
sphrs,0.2045339355618366
unit-root,0.267846107489678
oi_helper,0.1027952444991227
prettify_pinyin,0.1503050913216219
trim-in-place,0.5201793562127939
as-ffi-bindings,0.1113711951787433
marzban_api,0.1106966706828076
funcfmt,0.2071085351183886
bevy_light_field,0.0993351615047896
pokeys-lib,0.1700337903323442
xor_name,0.5742000308433926
radius2,0.074413969176462
pancake-db-idl,0.1764813408825311
extprim_literals_macros,0.1727268594186796
concourse-resource-derive,0.0905535612633561
teo-result,0.4020517563197315
xts-mode,0.4977761169975493
iptvrs,0.0694671126599384
tracing_chromium,0.1767338121997961
artifact-dependency,0.2557395042345248
slipped10,0.4591915617356796
sapp-jsutils,0.3468504675026242
prediction-guard,0.0973205160428905
bigquery-functions-types-macros,0.1354281605584274
cemtexer,0.0652320767536875
bandcamp_recommendations,0.0985437083804448
qiniu-cdn-manager,0.0650913375084061
xaeroid,0.3074052498219191
frostfire,0.1497546628924751
tui-image-rgba-updated,0.2295667402889823
boost_throw_exception,0.3869510352167103
query-rds-data,0.1023824398136641
succparen,0.1268159186688295
morningstar,0.0785853098729403
tendermint-testgen,0.566735679599673
smc,0.1663560666928634
yazi-prebuilt,0.3747763385896532
ssp-server,0.0816618803546895
bevy_rapier_collider_gen,0.0814914759608758
hank-types,0.2422950601297504
slugid,0.2584953795841465
standard_paths,0.2871460041868015
gensym,0.6217641758362036
baiduyun_api,0.0823430948772421
printable,0.1716648815230406
phoenixd-rs,0.1497882465282951
epdx,0.0972217961085433
tui-pattern-highlighter,0.1496264804828325
neon-cli,0.0944984167763753
doughnut-rs,0.0681258090615578
binomial_tree,0.0772493810038705
crabby-merge,0.0830218695413857
cursive-aligned-view,0.3503226174970848
fprompt,0.0747457907730903
sparsevec,0.4179480152401286
xml_oxide,0.1162126749134702
sf6rs,0.0781091413177433
slog_derive,0.2647789936635426
kattis-rs,0.0954481433486804
websocket-sans-io,0.2574254925558224
bluenrg,0.1986872277778862
android_system_properties,0.8256930255753493
vade-signer,0.1890307883048514
degauss,0.0781999184098287
monero-lws,0.1173832463872755
foundyou,0.070452367164108
boost_describe,0.2891593956739793
modality-plugin-utils,0.0659753449003638
apollo-cw-asset,0.4057819102148856
bsread,0.0681547315266805
glium-types,0.2423065976504393
dec_from_char,0.1703979966455805
chinese_detection,0.1394211281512429
rplaid,0.0851302567406185
markhor_core,0.1517245524058766
diffding,0.091793280332773
graph-neighbor-matching,0.0853405422111815
uniquevec,0.224240954476235
bovine,0.1055355558943346
divisors,0.2854039913021324
sonic-channel,0.1490223597199775
logicline,0.3148786601963524
gotham_formdata,0.0742333546666562
vulkano_text,0.2120503054310836
x11-keysymdef,0.0871780584007594
fallible-streaming-iterator,0.7732056595505932
chessie_types,0.1015530447267225
miniball,0.061414764474445
horned-functional,0.0756538321865406
ice_code,0.3421139997272269
version-control-clean-check,0.1997540460368325
ndarray-image,0.3114800326036194
mackerel_plugin,0.1914353206293248
skyrim-cell-dump,0.0680668314270186
srvzio,0.0771431727399402
fred_api,0.0772991042208248
yttria-math,0.1133170155421885
cipo,0.0683463491166034
nam-redjubjub,0.4002273767022047
microsleep,0.2679462262173034
bevy_mod_try_system,0.0681885162463578
canonical-form,0.084583023624377
js_sizers,0.0775617008525051
pgat,0.3245399759176058
maxpre,0.1672125562195699
net-literals,0.2686283526390147
tile_sorcerer,0.0743309888463988
carbonjs,0.0872166772928463
btree_monstrousity,0.2812973561748882
math2img,0.0773523420978554
elain,0.3975598159865082
futf,0.7350488485994137
randselect,0.0714606681121183
shh,0.3126176971363353
bresenham,0.3257007696970477
edisch,0.0584397348947285
delphea,0.0619002730323821
naive-timer,0.4819945804577407
pyo3-twisted-web,0.0879902916173381
allocator-suite,0.1029358300137274
fedora-update-feedback,0.1139153315675959
boost_concept_check,0.3125004883011359
cog-task,0.1221388422005897
freefare-sys,0.1740750447435015
oui-data,0.2048388050659747
ethereum-forkid,0.0962630245123992
unwind_safe,0.5114165846072612
trusted-proxies,0.1370612637970084
cmdline_words_parser,0.25256351650797
png-to-twmap,0.0726553353737392
regalloc,0.0781358488448145
multiboot,0.3319596247482828
kontrolluppgift,0.0720395974040965
bgt,0.0637964748662062
hotg-runecoral,0.2038093906525216
bitarray,0.3188706798201336
cursive-async-view,0.3172136689790508
polarization,0.0938106257787085
cleverlib,0.1297034740912244
hdpc-dl,0.1123361324785779
celestedebugrc,0.1796481646258529
tvm-build,0.0923577146809513
ianaio-file,0.1275130906267583
embedded-ffi,0.1910001940631439
debug-ignore,0.622492170658876
fides,0.3313267083468531
rustfinity,0.1094462821758393
poc-framework-osec,0.0981836110562589
fanova,0.069476735783088
fcmp,0.0622802226449865
easy_reader,0.3326238222397046
gcp-vertex-ai-vizier,0.0770335228175022
airio-stream-select,0.2259557796596134
boost_predef,0.3278699709802342
query_map,0.6103510639503231
iter_num_tools,0.1085824472414257
planturl,0.0755939326956792
tinystr-raw,0.2477381359902755
checkm,0.1802648118068499
click_and_load,0.0893525528989741
buplib,0.0614775239971128
tokio-muxt,0.2453367512369051
bema,0.088606046529382
tauri-specta,0.5197135532524162
conflate,0.3598815005801909
hamlx,0.0711478384392959
rtps-idl-grammar,0.112469868690324
teo-runtime,0.373620770223216
etf-matcher-vector-config-loader,0.0693874234185763
kona-derive-alloy,0.0671110962523128
epw-rs,0.0728584082839927
paro-rs,0.1258102089348451
utc-offset,0.2050128943147426
dae-parser,0.3155334088577727
netaddr2,0.3446580945798752
journald-export-parser-rs,0.0857377429628118
melminter,0.1209098305341294
outline_api,0.0887574294387833
random-icon-lib,0.1170902356937185
ore-relayer-api,0.0914142943567539
hwaddr,0.3255834643859098
verify-same-kmer-content,0.0625322915949642
try_buf,0.1095020053453548
gcad_proc_macros,0.0998958834018871
pywatt_sdk,0.1159361078526499
gutenberg-rs,0.0753338375675586
praiya,0.0895519425994931
s2rs,0.2901903291563821
parrot-network,0.0885007044610142
bodyparser,0.5104160389178268
stm32_i2s_v12x,0.2987944798720396
reqwest_resume,0.1985407295243349
blitzortung,0.0691264086663354
bigbro,0.1268844998708497
estra,0.1031500723113782
tower-actor,0.3800842637627246
agera,0.0985660775217638
axum-tasks-derive,0.0944736775895262
phink,0.069307915044785
abort-on-drop,0.3152099076112685
assume-rolers-schema,0.0663367786068094
eip-152,0.1851889566284164
kbpwrd,0.061832558729114
fmc_protocol,0.1981177237169419
sinsemilla,0.5341778633778308
neo-sync,0.0771336404153805
async_once,0.4503060016853294
pushapp-cli,0.1188049498773134
ssping,0.0661810595622168
hwclock,0.0771798388797471
reductive,0.4454471975378104
sb_functions_sdk,0.0997882685969958
order-stat,0.4798620964023071
cert,0.1906551603232821
bankman,0.1231832627482392
uda-connector,0.0811036731462434
egui-gizmo,0.340280462517465
morus,0.1073645276679919
x-log4rs-sqlite,0.0697607970688347
fpcoa,0.1231737153045104
apple-bundle,0.3763912606071487
geist_bootloader,0.0566627445911233
ass-rs,0.1221356279680016
geo-buf,0.2007449612768654
ic-event-hub,0.2539456530199763
open_secrets,0.0665845411067517
micro_types,0.0737316552458857
tracing-serde-wire,0.2314610452805708
nordselect,0.095302026791671
matrix_display,0.2226676017192616
ironfish-frost,0.1297717100095784
caniuse-rs,0.1048174033101426
ncbitaxonomy,0.0984320574618494
zspell-index,0.1155110658723773
keytar-sys,0.2347126192306378
tensor-man,0.0731943535719379
onecfg,0.0897286002226238
fsquirrel,0.3216383410932651
soda_resource_tools_lib,0.1361546145728659
e9571_lib1,0.2793111007795001
ih-muse-proto,0.3306979024343625
p7m-alarm,0.0628601749999099
sdkms,0.338222903107127
sui-token-gen,0.0814486174401063
arrow-sunny,0.1343947512239422
brinicle_deinterleaved,0.0677245269331916
swapkit-rs,0.1010832916207707
cad_import,0.0991394832781266
uiio,0.1899378229720003
num-cmp,0.7940772681565581
atlasserver,0.0744303223772327
nyoom,0.248791495433056
exodus,0.0603425057885771
partition,0.3901539659338038
bip351,0.1290064653542803
pagerduty-rs,0.2737363513118892
olx,0.0587213900176156
kras,0.0842641145242291
unftp-sbe-rooter,0.227613580396436
phi-detector,0.1306492548908147
pyisheval,0.1255248136777486
sixel-tokenizer,0.3551874645011031
risq,0.1096904272207153
thoraudit,0.0664906043596741
era_criterion_cuda,0.0882090151694575
hoenir-core,0.0744867148806288
serde_unit_struct,0.3973640408056879
prost-amino,0.2277981709429425
codesnake,0.3222956707880852
resident-utils,0.115029190829224
fart-utils,0.1116798422095217
docchi_intf,0.0737405459284803
siwe-recap,0.3565300954735842
addr_of_enum_macro,0.1248160092383324
trifit,0.0734035996520806
utxo-scanner,0.0629445104822435
acuity-index-substrate-api,0.0764021696190551
pimalaya-toolbox,0.2412312179348875
embedded-crc-macros,0.2802757126483774
kn0sys-ndarray-stats,0.116175492800363
ignore-result,0.4596702765062621
popper-rs-sys,0.2822311207009102
electricui-embedded,0.0734987224012818
bt_file_utils,0.1590365037509021
cheat_checker,0.0699402650537357
regex-cache,0.6316243571690119
shuffling-allocator,0.078026364311099
ianaio-render,0.1246693717333634
solidhunter-lib,0.0781594377326347
webweg,0.0900763575899855
noabspath,0.0579858604860322
agify,0.061126978108381
clipivot,0.0778653024498921
iso7816-tlv,0.4646367080489513
lavendeux-parser,0.1004482305184291
mbusparse,0.1210927177285755
ghtool,0.1192453967557283
rs-conllu,0.3313568923296247
guardia-rs-urn,0.0608007369445517
dialler-rs,0.0635651806614886
test-assembler,0.1467966357027432
task-picker,0.0938989637489008
tolk-sys,0.2696278509050224
spindle_db,0.1013624006032771
drogue-client,0.2727638744540883
tthresh-sys,0.1341544721889879
tmp_env,0.3026909000388676
rubrail,0.2200938912672627
tumblr-likes,0.0936161447384431
wsprspots,0.0701187323753413
yaml-datastore,0.1637655158483254
ecg,0.0871600139506403
timeboost-rs,0.0676930432606127
uchardet-sys,0.10537731123497
dispose,0.4379844075948015
com-croftsoft-core,0.1462422594010995
no-proxy,0.1457653150562162
mdbook-dtmo,0.1219473064427231
magicblock-magic-program-api,0.3041800069470499
embedded-hal-sync-pins,0.0721231355248075
bats,0.0924720059257578
echomap,0.0967373414170755
ensure-uniform-type,0.1367313579912239
egui-resources,0.191461236800431
orml-payments,0.1012597339110023
entitled-exe,0.0578661062416914
dusk-pki,0.3371890811713533
carrot_image_utils,0.2017287966336887
erased_set,0.464094180004401
momi,0.0573585760073334
qoollo-logstash-rs,0.1937277794965672
quocktail,0.0685394828032082
hyper-old-types,0.2525726925095738
kipa,0.0949207306911239
ordered_iter,0.4374555140522017
pydis,0.101950479161263
strptime,0.2441015059306703
qpml,0.0959915189788775
mp3-duration,0.4518343771087841
diana,0.2548272148529531
syntect-assets,0.3008212310194437
tokiocli,0.1272822519922907
tembo-cli,0.1309263361198448
csa,0.2347652335135896
bitfield-rle,0.3787927153112053
otm8009a,0.0670669342670762
authenticode-parser-sys,0.0824826441273841
eggbug,0.125519256210092
p256-cortex-m4,0.2715535221409642
c99,0.2136173068312161
planetarium,0.0977210703434899
rets_expression,0.1081858908511499
prom-remote-api,0.1209184554331924
unocss-classes-utils,0.1610479219490264
json-number,0.6347983212207005
dmzj-proto,0.0922858874171101
procout,0.2232200332085794
btfm-api-structs,0.1636400520702417
xisf-rs,0.0768318232600514
znap-cli,0.1217758621011915
rawpointer,0.7959062143792778
ark-std-zypher,0.3627127336532386
abuseipdb2,0.0769080167828069
non-blank-string-rs,0.1760423495831922
hyper-client-io-wizard,0.0825311581009109
ya-runtime-sdk,0.0830801432759698
concolor-override,0.6399328081745508
fe3o4,0.1838213172060142
yew-accordion,0.1663716914818026
smartcow,0.6029814258980412
diesel-chrono-duration,0.0724903340652073
tauri-plugin-windows-version,0.1023435927547369
strompris,0.0588919129479338
g213_colours,0.0586181240913597
simpla_vortaro,0.0901165069532884
archiveis,0.2091844513633368
jono_harvest,0.1273392251493709
btc-transaction-utils,0.1511630133993624
dailyco,0.0987356069583736
batch_resolve_cli,0.0969050203860096
libatasmart-sys,0.1665206700280176
scaffolding-macros,0.1313247268580835
srsadmm-core,0.0982360689723102
nnls,0.1905912557441221
form-data-builder,0.3650069304050055
k8s-sync,0.2127703073610625
defillama-rs,0.0944684505546515
ecc608-linux,0.2331897651477263
jsonbank,0.081231197700002
artcode,0.0567761916564981
imxrt-dma,0.3398714641311724
omnitigs,0.0680635408792935
sawtooth-sdk,0.4003994615700138
hopper,0.1350775091317349
fileinput,0.1192040609842867
fn_zip,0.1734366705586258
routerify-query,0.0858191413689276
gtk-test,0.2096575793580523
btsnoop,0.0798520395535608
hv-guarded-borrow,0.1304164543961309
daphne,0.1265644776993675
abbegm,0.0892689325414639
fluvio-command,0.2130298464678593
hecs-schedule,0.3826763560000779
smpte2022-1-fec,0.0989445873576782
smbios,0.1659814869453871
httping,0.1426977930581037
rs-split-table,0.0618208589008313
jit-allocator2,0.3159268913056686
hedgehog-rs,0.1106966161109224
eject,0.2141528214938025
fade,0.0955001091905222
autosnap,0.0666613658491064
bereal,0.0705097533075511
unbounded-gpsd,0.0845238017396277
killjoy-notifier-slack,0.0692459537447425
cf_dist_utils,0.0576616752370816
mpl-trifle,0.0893965036147916
kstat,0.0951105951186739
flytrap,0.0832138322780189
boost_lexical_cast,0.216221371674636
quad-url,0.4009654390234136
askar-crypto,0.4777527162057148
atomic-shim,0.4740200726796853
spam-program,0.0680343473883028
loaded_dice,0.112380159104985
sqlweld,0.0718255318946507
offwall,0.0698102153210781
jtag-taps,0.1910502128383104
bscore,0.125738552721301
unordered-pair,0.0686209315705005
merka-vault,0.0787158938634737
blinds,0.3628487620055807
ibmfloat,0.2484987006255392
embedded-nano-mesh-linux-io,0.1321803816558824
boleto-utils,0.0752044161851137
unity-reference-server,0.0798910499925557
apify-client,0.0895703237533164
ggpk,0.0819858986006519
pledge,0.3593742378348962
boost_typeof,0.2863236765723966
tauri-icns,0.4834809256070227
apt-parser,0.1963915575164645
dgc,0.0777705417303085
aspentool,0.0837192173200071
how-install-tealdeer,0.0574337386889804
openfare-lib,0.2862766235706412
jesse,0.0790120766754437
fifo-set,0.0805214483839265
pathio,0.2924003419392319
roblib-macro,0.0940665285466911
boost_bind,0.3047723138302072
fnrs,0.1616341486248182
starch,0.0965312655545226
dagger_layout,0.06497402079954
syzlang-data,0.2150040241514397
last-git-commit,0.0861979045227703
neo-mime-macro,0.1122769867020086
xbatis2sql,0.0907181799897836
ifit,0.0642183453389182
heapless-bytes,0.5039000593957069
wall-clock,0.0843123468255716
aoc-main,0.094677704851021
tree-sitter-rush,0.1198352446000735
rest_parser,0.2688204953863467
syxpack,0.1572371705724118
spybeep,0.0671007694801399
sensehat-screen,0.1388935963036213
gcemeta,0.4416916708482164
tt-call,0.6583981244453985
failspot,0.4114208045899448
rspanphon,0.0628303970868712
wasmer-toml,0.3448783458479481
unsegen_terminal,0.1512482826867483
yexp,0.0636660042173474
bankid,0.0700514263115964
nam-reddsa,0.3858392572600015
gitlab_s3_releaser,0.0788224048402107
jenkinsctl,0.0556756659307213
cargo-matrix,0.1046957874272383
textwrap-macros-impl,0.2946895107866167
h_modals,0.0976354830028412
docker-source-checksum,0.0870933971501708
py32csdk-hal-sys,0.1510732254438328
casbin-rb-adapter,0.0922606987154565
hostname-validator,0.6066369227037619
dir-view,0.0643229776862194
fisco-bcos-service,0.1149789266715603
faer-ext,0.6614600240350291
stcloud,0.0844770541090384
parallel_frontier,0.2988674241726184
unfurl,0.0743648585039206
smartsheet-rs,0.0737410109632823
overpunch,0.0934261006958451
ty_map_gen,0.3137784339832149
ftth-common,0.1785839010340456
logix-vfs,0.1723737791750298
huxi-server,0.0754050720285484
libfuzzy-sys,0.1583523493029673
serde_cadence,0.1377527763129259
logic_mesh_block_macro,0.0894364198734067
fiocz-rs,0.071017037011852
devgen-splitter,0.0667926920863815
lunesrs,0.1678263006381875
jobsteal,0.2544519732248236
pear_client,0.0634666407633294
bevy_mod_component_mirror,0.0827669994884711
pandoc_ast,0.3318673516713642
nixmodule,0.0837002781236984
cursive_buffered_backend,0.4575835311249585
passterm,0.3415907898304186
cmpa,0.2765859178231641
nom-tracable,0.4443366727893643
figfont,0.0882047196549169
pagetable,0.5460087606910832
buildfs,0.100645741959462
grb-sys2,0.2474192933399452
sparse-bin-mat,0.1745253264365001
papyri-lang,0.0779384211808869
pdatastructs,0.3859812867311628
openalex,0.0752157519390948
tld_download,0.1704801834512749
smite,0.089504159305331
proc-macro-warning,0.6856340909744011
fred-rs,0.0820699864468507
cgi-attributes,0.1021935517546634
vec-string,0.1343264547580974
thesaurus-moby,0.195664423635369
bitpanda-csv,0.0740990114718439
kattis,0.0750038481589964
mlang-rs,0.1024511690092119
tensor-price-lock,0.1075765283957118
macro-field-utils,0.2412268798515565
libmarpa-sys,0.069203441741264
js_option,0.5278682510037398
ferris_print,0.1093275665728085
cursive-multiplex,0.2322725198729731
web30,0.4621142621678129
vuefinder,0.0652860269857862
utime,0.2169314908224864
plane-split,0.4189399117790964
gaia_assetgen,0.1235193978179729
ids-daps-client,0.0583847510957182
sobol_burley,0.2438696829965603
electric-sql-client,0.0667818121635657
acct,0.0602991271380519
namedlock,0.198875138742305
abel-core,0.0949308297503306
clau-runtime,0.1073141076505423
async-transport,0.3833559991816141
pio-command-line-client,0.0684326455262723
metaculus,0.071809687518234
handlebars-chrono,0.2079901403610885
vigilant,0.0805743550312766
robohash,0.0771958999328443
twoway,0.7214688438239862
tacview,0.0612577571860719
chrootable-https,0.3077766037842911
noisefunge,0.0916716072277218
qtvstat,0.076526449894512
reopen,0.624891219303797
sponsor-block,0.0815634603020268
ul-sys,0.1388005224329962
iced_style_config,0.0653760132478017
dynisland-abi,0.2432314252171744
wemo,0.0681736613112192
ens-offchain-resolver-gateway,0.0656817255525468
riscv_goldfish,0.1292046276541068
async-rx,0.2381046525061478
cdx,0.1099992333675171
memcomparable,0.1223194891283924
boost_function,0.3068454926599531
kubevault,0.0761841175242021
seqdiff,0.2265413907217625
json_value_resolve,0.1498512162131293
tauri-plugin-packagemanager,0.0775786434571547
og_image_writer,0.0952612273132771
netcdf3,0.3572970516536474
rspawn,0.0638329044961921
plotters-arrows,0.0864874200611764
essential-node,0.3248200436183228
hambands,0.134918800152618
pirate-midi-rs,0.0641400886570318
na-paper-account,0.0880854287070515
ripestat-common,0.09724919334112
ecs-jumper,0.0563900974149263
single_value_channel,0.2722712734175345
arthouse,0.0811123103569472
conclave-room-serialize,0.1358920468528751
terrars-andrewbaxter-dinker,0.0771343905839154
func_wrap,0.3625456968843835
cstr-argument,0.6017637236443582
litcheck-lit,0.0904823314834879
russh-config,0.2665158930376387
link-local-address,0.0998567957816205
ma,0.115248901232648
x509-path-finder,0.082612536537836
phab-lib,0.2737019418796166
arpabet,0.1704191977630992
pg_escape,0.4003985309189574
raw_tty,0.352144319965265
tracing-modality,0.1384363511469567
resolvo,0.4993157789252656
splitrc,0.1923540925618556
origin-trial-token,0.0612693267019027
ftdc,0.0789418078072178
motion3,0.1042681853228511
sparklines,0.2923330466182401
shuffle,0.363611212358117
fdlimit,0.6508883928181606
dms-coordinates,0.2306500003075726
poll-channel,0.119172351443039
ola,0.0966635714022749
konsumer_offsets,0.1187062416471472
sdio-host,0.4887781267042126
musket,0.1177909414601241
pdotc,0.1037654471696104
grab_github_permalink,0.0741655126044414
no-break,0.2648306299992281
atglib,0.1215662992244963
passivized_docker_engine_client,0.0867912273781427
scim-filter,0.1230807093346108
etherdream,0.1782228154635451
rbx_types_ops,0.1501786385376001
mkpub,0.0776951601833801
tip911-stakeset,0.18400370519764
axum-js-fetch,0.0637929656104021
las-crs,0.0757232223084698
cdumay_result,0.1670061863721539
ff-zeroize,0.5062645869933863
svf,0.0634837326190077
hmac-predicate,0.0606976676382639
dioxus-use-mounted,0.3111765282705406
tokyo,0.0884143078695515
scalpel-bin,0.0639590183266949
tiny-data,0.0610162591026459
js_ffi,0.2734677719848439
aws-greengrass-nucleus,0.0934890183394648
yahoo_tick_grabber,0.09239613345541
miraplex-rooster,0.0587395950630154
voltlane-enc,0.1417896796700915
buongiorno-caffe-bot,0.0873152713688549
u128,0.3484354477096565
boost_phoenix,0.1637472205689572
jsonlrpc_mio,0.0970709516145872
figment_file_provider_adapter,0.3581837346920112
wifilocate,0.0923199051950067
text-size,0.7091517271687142
aws-msk-iam-sasl-signer,0.3925796583920699
qcloud,0.0907052497690163
hrana-client-proto,0.3283394296287295
wasm-debug,0.3678907509343564
grep-reader,0.2863997260484728
lenex-rs,0.0554285524915082
embedded-display-controller,0.4467684838968974
stn,0.1229838831400216
pff,0.0676613135905272
ic-test-state-machine-client,0.2008125898008009
crates_io_api-wasm-patch,0.2276354436300516
sparse-slot,0.3662596707605204
fishhook,0.1056904400442388
addchain-arcium-fork,0.2015721674599425
is-url,0.1818048389410922
smodel-proc,0.20142756415251
add-header,0.0887049815902845
fc-blackbox,0.2256799917071373
async-session-types,0.1504175296272794
krossbar-state-machine,0.1582111446906246
neocities_cli,0.0875414719605149
goodbrother,0.0609371114643261
salt_atproto_checker,0.1017106093442345
demostf-client,0.1051988645346019
cloudflare-kv-proxy,0.0786499988573698
dmarc,0.0773943899222283
question_cli,0.0782161111195494
freestuffapi,0.0526350237576723
ostree-ext,0.2630850766048599
target-iceberg,0.0664021884750521
splendor_arena,0.2128169404652353
beacon-metrics-gazer,0.0859927529354461
bevy_mod_chroma_api,0.1456207718025261
exacl,0.5747093574825927
tree-sitter-merlin6502,0.1426998797000737
ec2_instance_metadata,0.3658383842365823
pori,0.5769500701080598
pcoa,0.0929702934343222
nimiq-keys,0.3722789840112205
bevy_ort,0.2702251717392491
platz-chart-ext,0.2148034569518823
fjson,0.2405161345983226
ybaas,0.0850976051953731
weave-writer,0.0686590609825433
quine-mc_cluskey,0.2839334478023264
trellis-runner,0.296257143021334
ianaio-events,0.1912366402941673
lazycell,0.7066687174726161
ome-metadata,0.1666976028491379
tree-sitter-breaker,0.0867235843986039
hydrolix_helpers,0.1068950606462283
rhai-doc,0.0779835214592217
permissions,0.1200632138609337
keypad,0.215587582506543
dip721-rs,0.0543593207291353
cargo-hoist,0.0858121279340894
orderly-connector-rs,0.1463416481993749
x328-proto,0.0542046855672301
bmbp_http_type,0.2006712539959833
pandascore,0.123170059811369
mvg,0.055409742161719
four-cc,0.6271240446721281
rhai-url,0.3897131586439273
mdbook-pagebreaks,0.069073959917079
flow_access_api,0.0824267521887096
fastfibonacci,0.2604563508016818
fhirbolt-element,0.2197058238597359
pacman-bintrans-common,0.2255935147693607
rboss,0.0723712247622122
geist_supervisor,0.1211618026194328
comcigan-rs,0.0838476261814119
rust_sync_force,0.0673490592533677
modifier,0.5658145834168464
coremidi-hotplug-notification,0.1207263419459897
databend-common-ast,0.3910995476815436
propr,0.1157291391917701
entity-tag,0.2990462617308828
r0,0.4566724462991533
multimoon,0.0648503470063222
ruuvi-sensor-protocol,0.2464738517037305
persian-rug,0.2075243832861425
glow-effects,0.1157534768421381
riscu,0.0876060037228499
rustmo-server,0.1069632755452831
agprefs,0.06924305283905
srf,0.0529280803964536
rhai-fs,0.3999927084186713
rhai-tpl,0.1923331406667194
cddl-cat,0.257228858101779
genkit,0.2143839590612824
milcheck,0.0941286819647448
je,0.067070245650446
rsfunceble,0.0819973954345774
git-quickfix,0.0697851783315711
startt,0.1191570406932139
unicode-canonical-combining-class,0.446916871568469
wiserone,0.0786902531300874
merlon,0.0970211730486782
whitescreen,0.0628461370373113
env_logger_timezone_fmt,0.2712485407172323
ampiato,0.063994541484414
phroxy,0.08525763472934
concurrency-demo-benchmarks,0.0619242657151161
boost_winapi,0.279866191419658
ac-qu-ai-nt-cli-clap,0.1366390894315015
scratchstack-aspen,0.0597935574730595
firm_netter,0.1016364111966383
openat_ct,0.1002450893023279
df-sol,0.0740066368552931
ddcore-rs,0.1143634144854771
cannyls_rpc,0.2116002759022271
ahash_macro,0.102726152976241
modus-lib,0.1646428375592497
mutate_once,0.5919820954441577
tera-shortcodes,0.0859840579543741
shuteye,0.2510659234297867
async-graphql-extension-apollo-tracing,0.1366171950214313
pvstream,0.0739399730379046
yaup,0.4056541331426981
circom-scotia,0.2192100196509478
grawler,0.0569581472259592
ec2-search,0.0986819879804981
fragment,0.1976413550846713
samvada,0.0626319972494023
nquads-syntax,0.0821819339533549
r-harvest,0.0787635494095814
nuclei-attributes,0.2428080096286184
solitaire_cypher,0.1276887307328916
saturating_cast,0.5133727062878335
pps-time,0.1855712137141457
langsan,0.1048477226581973
boost_integer,0.2901112451021729
webport,0.0680804947585097
dominator_helpers,0.0831724296294909
accept-header,0.2192156938587067
rt_map,0.3261810893841573
atomicalsir,0.0882186798210323
flipper-rpc,0.1690511485196409
bevy-settings,0.1653276592024049
driverkit,0.1205802315272223
ragout_assistant,0.0600558699228551
gs1,0.1822204466707452
optional-field,0.1359367689813484
clangd-parser,0.05453139712907
x11-input-supercharger,0.0736811721287136
rqjs-ext,0.0762067929163497
rflow,0.2717229679984684
art-prompt-webhook,0.0508644031636713
sqlite2parquet,0.0987104153631946
termwrap,0.1390241875257299
harmony_rust_sdk,0.12802840770719
mantra-miner,0.1524215844095063
edstem,0.0704739320770578
scroll-buffer,0.0813311450898619
imagepig,0.0563358519895031
yabai,0.0715030314819323
simtricks,0.0741855330410857
memoesu,0.0590335808552525
tallystick,0.0622768753569536
badi-date,0.0695984899690017
ocd_datalake_rs,0.0903812021618852
fsearch-core,0.1617963863445586
frc53_nft,0.0808490036013711
chip-select,0.0544635432517446
liquid-json,0.4037426785572374
count-promcula,0.0523686371047709
boost_any,0.1425077953534814
rug-miller-rabin,0.2183224862579562
gamesense,0.0612762938936615
tldr-traits,0.2935217163750646
yew-consent,0.0703559983044932
sfio-tokio-ffi,0.0689311078982691
acid,0.0642318829250261
mackerel_client,0.1272007403575867
ruarango,0.1692345218646308
ethercat-types,0.2396748142117783
sqltk-parser-derive,0.0970925473036956
boost_variant,0.1885548196627424
classes,0.0737899513413578
boost_container_hash,0.3337805185276269
brydz_model,0.0840391396728487
tiny_twilio_stripe,0.0787289964681678
avr-std-stub,0.1004579061430955
rust-diagnostics,0.1035977018121743
osmojit-derive,0.127771202190713
lidoom,0.0798641059060486
forbidden-bands,0.1343679243339163
ucs2,0.4704165884177455
lightning-cluster,0.0769770524645642
drawille,0.5215399540597334
ostd-pod,0.2155560886248843
minibreak,0.0640345583050013
tarc,0.3450234975353883
spark-cli,0.1003651975070145
unfuck,0.0807185010871224
userdata3,0.1068324863631848
xrl,0.0758367612985984
palm_api,0.0662419186676885
opmark-egui,0.0804359263028271
restless-query,0.0658441467896962
dbg-ranges,0.0705960528994404
char_index,0.2804318839780648
valorant-assets-api,0.0843137347250883
view,0.1264189626103289
rpi-mh-z19c-exporter,0.0747854634978827
houserat,0.065880944543553
qslib,0.0838510646597177
elinor,0.1880012753855217
scattr,0.0722438366613188
blockish-caca,0.1411489660287105
btparse-stable,0.3127982552953123
mask_system_lib,0.060153772585324
localbang,0.0648700946927158
mongo_data_exporter,0.0657241498912639
dagpirs,0.0809649222567275
warpgrapher,0.1204077684345635
path-dedot,0.7204154282361579
tower-http-cors-config,0.0645052953193278
boost_variant2,0.2514202009920621
mdbook-emojicodes,0.1023069846361061
css-module-lexer,0.4436389132304064
stacks-core,0.1630053091524904
ironfish-reddsa,0.2012860362954799
histlog,0.0809859733849621
modit,0.4861012683584219
combinations,0.3055621033440127
redelete,0.0655668151495679
collect-with,0.1888937088123718
blingfire-sys,0.1341425994204461
txfs,0.3239102988012857
eodhistoricaldata_api,0.2848987318505685
bi5,0.0620385750861548
regex-intersect,0.0845471420100789
epsg,0.1049056534234411
uniquote,0.4658102371247853
webb-proposal-derive,0.101505691354909
mdbook-nocomment,0.0650341295520412
anyrun-interface,0.1269718281846069
kadmium,0.1776839193337172
zip_clone,0.2086844450457317
imgdl-rs,0.1223718917221164
trk-io,0.1042051219305047
pdf-min,0.1476172751589149
rust-toolchain-file,0.2261437948750971
no-std-compat2,0.2765144630209913
leeca_proxmox,0.0606140627038097
nonblock,0.3403210871954542
tsunagi_functions,0.0597056163985892
code-path,0.1552033249727204
readwise,0.0721764734350176
lexi,0.0950739425498889
zigbee,0.0842301762193875
halide-runtime,0.0919864887524451
lenra_cli,0.1257070732349154
sixbit,0.1843121996710605
oclock_sqlite,0.0661890084074549
ckb-capsule,0.120979836020447
alpha-counter-cli,0.0572886531906833
assetinfo,0.0982748438514651
oxidec,0.0729692906633794
aps490_pfpu2_mini,0.0500026200060832
bootloader_linker,0.0648618386594053
auto-traffic-control,0.0603333890309498
w-boson,0.2530386053695894
sms-pdu,0.1244924100727003
ms-offcrypto-writer,0.2472729052048091
geobuf,0.0639806377990764
pgschema,0.1239965971768259
nom-recursive,0.3456340086255474
pyonear,0.0560174002729809
chm,0.1111566123344682
puml-req,0.0583735614568547
serdo,0.2556303514415252
clippy-utilities,0.2599957217256098
hank-pdk,0.1115972043961383
qsocket,0.0754922304105112
prefixed-api-key,0.3373826481086645
langtag,0.6151087001396615
merge-yaml-hash,0.1899091788906171
stable-diffusion-a1111-webui-client,0.0766913980016296
ghlink,0.0849551102100652
cargo-hdk,0.0693101615352487
phm-icd,0.1385548395243518
si-scale,0.3007533849552213
nofi,0.0815036663481215
stfu8,0.5653908825139848
carbone-sdk-rust,0.0643259666764986
parsenic,0.4670371766082255
rust-simple-stack-processor,0.1411022754493831
myte,0.061574858839148
reginleif,0.0939934916020359
radiotap,0.1225148193189575
vl-convert,0.1348119721627091
fletcher,0.1796361415446539
firefly-iii-rust,0.0636066364236746
annis-web,0.0635932555777043
zenlayercloud-sdk-cdn,0.0555183433764471
monster_ugi,0.0549141154419705
solana-nft-programs-creator-standard,0.2359137467289588
wait4,0.2012759453286008
image-decompose,0.0544080345514926
windows-acl,0.4421948224852016
nanoleaf,0.0831528317804009
selium-std,0.229561312943397
gdman,0.1092831186918938
entrypoint,0.0810722130583016
rayon-hash,0.0715234366468174
archspec,0.3759882247124704
papaleguas,0.2150352295650626
cargo-which-nightly,0.0606707529464356
hydroper_source_text,0.1585191803806422
logo-runtime,0.108592347371533
bluetooth-hci,0.2851751574237838
wrap-match-impl,0.1260979985996877
ibdgen,0.0509227037588557
garlic-cli,0.0801530290544201
aether-renderer-core,0.0908220951469742
ciso,0.2328341546384544
ksql,0.0743333764622436
motionsync3,0.1055674064338418
cargo-fund,0.0820046991307331
friedrich,0.4926174849672796
objpoke,0.2421756325226261
configfs-tsm,0.2979347133208943
essential-server-types,0.1835166877716185
vertx-http-gateway-rust-connector,0.0628250747818043
match_box,0.2314338874517708
polyphony-types,0.1029842149721837
eth-chains-cli,0.0630399587531809
pulldown-cmark-escape,0.7937791393722621
falcon-finch,0.0642364314809146
pps,0.0649771236493761
samling-clorinde,0.0970603165462184
range_minimum_query,0.054899824011192
macro_find_and_replace,0.0847277413554662
twee-tools,0.0653953737011966
forseti_sdk,0.2519913267770398
gura,0.1540209036408242
alerter,0.0931353998783142
gma,0.0809250824891936
mxmlextrema-mxmlcaot,0.0647168475653129
fbxcel-dom,0.2498955219793134
lumni,0.0581125740988841
tsar,0.0923992438018564
qname,0.2469424164735341
mount,0.508774042673375
zffmetareader,0.0528086892385653
chrono_elapsed,0.1036994743675781
spritebot_storage,0.0726968984605356
cactus,0.3861021990932972
elasticlunr-rs,0.7157181424154155
credibil-infosec,0.2272395736802684
superchain-registry,0.256874983754575
libaec-sys,0.2391659259944281
async-observable,0.1046215524523964
braintreepayment_graphql,0.0621049137885064
epgs-to-discord,0.078776562197756
cvmfs_server_scraper,0.0909149332261052
mataroa-cli,0.0560800480101752
rf-distributed,0.1920590569929033
xbatch,0.0772681230249241
proc-mounts,0.4835977956630735
aiha,0.0754227837227354
gcd,0.6432021500375177
topojson,0.2768194240323103
type1-encoding-parser,0.5562042233781381
mdsplode,0.0698205803607652
textalyzer,0.0608642595958911
koyomi,0.1893162161101309
torch_timer,0.0642167423498429
child_wait_timeout,0.1703029399787082
ctxbuilder,0.075245647325049
dep_doc,0.1103638086726818
abhyas,0.0653206205405147
rs-zip2meta2rbat,0.1614471280538599
psl-codegen,0.0784156111060604
doubletake,0.0706809436585997
rocket_launch_live,0.0652218043323232
cargo-deduplicate-warnings,0.0536749860201833
transfer_function,0.0522580415655087
mouser,0.0498318874782674
ts_microservice_generator,0.0648124646437203
braid-triggerbox,0.1099007923267829
hlc-gen,0.1688245730419908
daytona-client,0.1090748872833263
zinit-client,0.1922915328548801
hypetrigger,0.081074859298518
mptcp-pm,0.4338255183093927
turbo-remote-cache-rs,0.0790623590141774
is_terminal_polyfill,0.8424147740826811
rgbd,0.0613662537130058
rico-scan,0.0678827486652185
amber-client,0.0675732989237176
hub-tool,0.0678938994282663
xs233-sys,0.0916326805541423
gchemol-readwrite,0.3682802065042752
sproc,0.101338816438715
noop-waker,0.0850269077443893
wif-weave,0.1147650125028809
classcharts,0.0755007521125728
myhome,0.0485834216049428
jitsi-jingle-sdp,0.0642335921983764
fpa_lr,0.0593449242703678
laby_macros,0.1111482484840486
kobo-db-tools,0.0793866564109834
maurice,0.0798450531662233
moogle,0.159636534849309
blaze-ssl-async,0.3394731904324416
reqrnpdno,0.0693334216717748
reydenx,0.0875448210103863
srx,0.3986756611025573
buffered_offset_reader,0.1572624147082657
libalgobsec-sys,0.0736732283653301
cw-dex-router,0.2436927918364192
url-bot-rs,0.1058115346028068
clineup,0.1026530946017395
sesh-shared,0.1542006982213548
mitochondria,0.1357974382079968
gitverse,0.0776191571492567
tauri-plugin-http-ext,0.090880536115159
dumpfiles,0.0689538797634187
carrot_common_interface,0.0535766036868741
os_socketaddr,0.4403286601669545
apisix-rs,0.0515062364625001
rainbow-hat-rs,0.0885775713299634
spm_precompiled,0.7109157347138205
poe-types,0.0877407170433511
ergo-headless-dapp-framework,0.0888707591162097
ffsend-api,0.2435981241161817
smelter-aws-fargate,0.0716835170360899
actiondb,0.0651379873854868
hitomi,0.092931237332517
serial-line-ip,0.179326906372248
octoproxy-lib,0.186564093860734
ianaio-timers,0.1587073186370688
chrono_gpst,0.0568224588944334
similarity-least-squares,0.1330002193593436
kubemgr,0.0589852011200681
remote_hash_map,0.0888820249450287
iota,0.2263617080897826
vcf,0.2494126915533746
collect_slice,0.1425547825726904
relative-luminance,0.0919321704309827
logic-lock,0.0749198599485963
kouran,0.0634223389676815
quake_clientinfo,0.0739201106882423
ufofmt,0.0633798837391195
indy,0.1018734213808143
zola_abridge_helper,0.062738542395611
netcrab,0.1380489125588774
openat,0.4498701760496857
newslookout,0.1125397565485005
rsevents,0.4075160151658651
boost_exception,0.2378679740334292
courses,0.1320012372974259
pocket-prometheus,0.0714269054436338
dyn-logger,0.0726830498403418
niccalc,0.0694910075269781
chainpulse,0.1008194921377491
upower_dbus,0.31028137780283
drop_bomb,0.5911622357376044
violin,0.1155757773087182
tor-hash-passwd,0.1539718020924433
data-source,0.0829980614172595
try_from,0.5164637133193429
pikav-web,0.1098230889408945
edtui-jagged,0.2796022363092612
rmapi,0.0540638704234017
amcl_wrapper,0.4193841094318052
janus-plugin-sys,0.1094122348549187
caff-archive,0.085941320035908
scylladb-parse,0.1607604144606939
mmal-sys,0.1299604592103325
mir,0.1059870513326055
egui-scale,0.2645438013788714
readfilez,0.2150798799650719
nuclino-rs,0.0728277568291311
jujube-lib,0.0771977260401542
shyft-rs-sdk,0.0664657126570886
hybrid-cli,0.0568731614612255
rfc6381-codec,0.5341119444624186
mapsco-client,0.0725040238748358
bulletml,0.1263763841927538
bevy_python_ffi,0.0506298506774678
paperless_ngx_api,0.1268112899966341
audiobook_server,0.0711912351993433
char-ranges,0.1663335146409184
gradescope-submit,0.0634394609729073
cache-advisor,0.5873728099064396
core-isa-parser,0.0789677157210734
spotify_token_manager,0.0924094783600722
dds-bridge-sys,0.1282938832762146
clidoc,0.0655462644789077
mio-uds,0.7901407179799171
semchunk-rs,0.1986367393977724
keyseq,0.3303539150978178
pathlink,0.3245311619890053
data-pile,0.0910414422914257
app_units,0.5681226921336777
fang_oost_option,0.0669583655561222
zydis-sys,0.1783304745031356
interactsh-rs,0.0845890771220077
lib-ruby-parser-ast,0.3150378946068387
embedded-hal-compat,0.2606563367978644
mem-aead-mrs,0.069455071886366
eventify-primitives,0.1696393010398268
sgf-parser,0.1761212037705767
senpy,0.0990724972641276
rorm-declaration,0.3679272387712263
w3name,0.1345894070592354
junction,0.6244792931434895
namedarg_hack,0.09253177616247
aqua-verifier-rs-types,0.1916026204590777
datetime_literal,0.1218106514114599
entities,0.5258512397807629
gestalt,0.3010797371112444
harper-tree-sitter-dart,0.3283856471606627
tuple_len,0.2172699162327643
ftp2mfs,0.0788256840059341
servicepoint2,0.0483326031781166
limber,0.0662411411861009
speedrun-api,0.0814826121704201
audit,0.1532475761034474
mpeg_encoder,0.1408261452211744
manaba-cli,0.1226712890334592
click7,0.0476477576376186
neure,0.2872160022341153
mach_o_sys,0.4241808819690003
livestream-dl,0.1128711329783711
markdown-table-formatter,0.2633221450911921
ppdioo,0.055130204890036
boost_function_types,0.3034667477931779
splix,0.0517252530984049
moc3,0.0846184122871839
mpc-relay-server,0.1498752286795401
unstringify,0.2470191238869627
konector,0.0615582005372831
postgres_range,0.4595717413915713
serde_jcs,0.5722945533738611
haddock,0.0921112932395883
bottomless-cli,0.0990292085172335
excalivator-client,0.112196360742654
ts-builder,0.0470282712801073
stripmargin,0.093894101205765
compactmap,0.0989471031013801
video-levels,0.051925920567313
carrier,0.2596426296969379
fm_plugin,0.059374801519526
wrpt,0.1027729374781066
fuzzt,0.3782069590341105
tokio_modbus-winets,0.0939376846771377
piano_keyboard,0.069319488904138
card-est-array,0.3529912179618301
mikktspace,0.4083877978769126
json_schema_test_suite_test_case,0.1951686233419211
time-tweet,0.0846844061242645
fast-boolean-anf-transform,0.066630046479766
gogo,0.0804920885295915
random-access-memory,0.2534377343385116
known-schemes,0.5280815157434028
dioxus-slides-macro,0.0718500632820367
pico_pll_config,0.0487597106721536
africa_capitals_game,0.0509629879857468
reliefweb,0.1499584478304643
serialimage,0.2389490048291837
bilibili_msg_history,0.0705022532156513
hg-git-fast-import,0.0951093704122046
rsa_keygen,0.11517800107153
lambda_helpers_metrics,0.050806203884169
gravatar_api,0.0587446567807121
wombo,0.0512807543579512
youtrack-commander,0.0642755542404871
logger,0.4109259294519984
drawstuff,0.1882002276975307
nccl,0.2583501048043475
tribe,0.0478129515697547
bnr,0.0476921853254764
droid,0.0727733960109881
data_vault,0.0984772970552469
zips,0.1224778334547003
elf_utils,0.0741827408102364
idlset,0.2778498258849132
stencila-schema,0.08941089601819
requirements,0.0800563587933801
cert-manager,0.3471562228643072
buy_me_a_coffee,0.0623196019046231
fimo,0.0882382758062094
want,0.8206127756337839
simple-process-stats,0.2764524837443784
esp-csi-rs,0.0887766658156454
corrator,0.1204081781139838
valu3-parquet,0.0584999781283012
ianaio-file-hash,0.0467363144529528
uniprot,0.0759052295274024
bbml,0.0943607978756278
handlegraph,0.2287766932372481
fss,0.0965421285779613
tarantella,0.1059777831949938
gnss-qc,0.1794193518529391
wkhtmltopdf,0.2305623137883692
eggshell,0.0730644631438655
mrot,0.0966998616663378
rex-sm,0.0859389768812577
tox-node,0.0877044735591462
y-sweet,0.1224959611288271
ultra-batch,0.1392334222051273
config_struct,0.1011164981741626
lembas,0.0856713587514724
d2b,0.0833942410260849
hammer-and-sample,0.1039133394215074
bs1770,0.1434366796592816
snap-kube,0.1055563893673108
rocketchat_client_rs,0.0709362551839905
mask-text,0.071163733545611
axotag,0.4629257465981057
rfc7239,0.698016421058556
yaml-spanned,0.2449087400134683
cities_heightfield_from_gsi,0.0584881756481976
narvie-cli,0.0744665451216739
opa,0.1107836424106412
abbreviation_extractor,0.0742885922290368
btoi,0.6757439147551949
locspan,0.6114637956306327
rsofa,0.1782942878414911
saorsa-seal,0.1214581954552248
foreign-types-shared,0.7959444956100178
clia-tracing-config,0.333541872110089
ledb-derive,0.1137048493894396
influxlp-tools,0.0495842601304601
tribble,0.0957462676583611
bounty,0.058800955458092
bahamut,0.0571956205234052
status-line,0.3081737464083451
reqif-rs,0.0778167429795941
mdbook-mathpunc,0.0569541909858036
horner,0.1244824681051826
gc-gcm,0.2219391409965742
metrics_server,0.0696729604663763
yttria-modulation,0.0490538209066674
ordered-parallel-iterator,0.1475606229368374
fruitbasket,0.4848419235671166
accurate,0.6023451919283902
hmath,0.2115829326345637
cdi3,0.1049814742982454
oreq,0.080625315185941
dudect-bencher,0.3532602388756232
foxhole-api,0.0613341460266235
s3-algo,0.1065478045173428
owned_chars,0.3051681447443615
figma-api,0.1157003981589797
toql_enum_derive,0.1064775547085731
hire-david-parker,0.067766766751153
chrono-simpletz,0.055391113479217
plumcast,0.0715975551160649
test-query-data,0.0654063550695096
bader-db,0.0727638893259131
cfg_block,0.4070595038856704
tx-custom-boot,0.0739942089262095
tremor-otelapis,0.1015277662122905
riscv-target,0.0561453798975612
pinned,0.684169242433764
modality-trace-recorder-plugin,0.1040002017464502
urlseal,0.0586428642497824
bmbp_util,0.2509028901129299
leptonica-plumbing,0.3848764774006635
rightscrapex,0.0604127145820626
any-uart,0.3398926034768642
molc,0.2643888585926558
loris-sandbox-spl-counter-test,0.0582061158782266
rust-tfidf,0.1963009856040683
spongedown,0.2227721131801269
sequence_trie,0.5107698415958583
mbarrier,0.2087190027901436
ndshape,0.3950046782192477
mnt,0.3050341419345068
wkhtmltox-sys,0.1987614253235688
maidenhead,0.0699546154201813
pcics,0.0955110854864773
osmanthus,0.0910806386919235
bytebeat-rs,0.103050666340446
axum-router-plugin,0.0617039765512632
noir_grumpkin,0.1637390043616215
send-future,0.4570635833943862
mln-did,0.1986800975617826
serde-tuple-vec-map,0.4933963630011865
gsettings-desktop-schemas-xinux,0.0591363099382153
implode,0.2167006785485057
cargo-mextk,0.0681594887679105
better-blockmap,0.0512892265349409
default-net,0.6123067258643208
charclass,0.1706568827593997
arbiter-engine,0.0980204585896154
ucg,0.1010904600644565
ebyte-e32,0.1051269428375369
shock,0.0639715836996942
yart-shared,0.0919536897708436
fd-reactor,0.1537440122612339
ogam,0.0634859085831161
actix-web-buffering,0.0861760997221468
iadb-api,0.077476903935471
future-runner,0.3968388620542929
fasching,0.0868638548301392
graphex,0.1761468053632672
dset,0.0745987968930315
eosio-shipper-gf,0.0890649815912934
dioxus-resize-observer,0.2877903088140838
ntriple,0.1456904000851155
fopro,0.1032229632992132
cdg_api,0.1041635903896076
norgopolis-client,0.0696770522264289
fastx-statistics,0.0663273262407417
natlint,0.0987583214494844
boost_thread,0.2162600260440481
bevy_schedule_dispatch,0.0555883929005123
webring-plusplus-server-actix,0.0555772197023803
plot_icon,0.2590423828660465
fltk-calendar,0.1646226908595096
cargo-files-core,0.1857162718501519
star-realms-rs,0.0752877740577181
extract_rust_hdl_interface,0.110699362522324
fish-oxide,0.0518231745893612
gyazo_client,0.0785184663419078
thirtyfour-mouse,0.0745248119925935
tantivy-fst,0.6767634839785043
recite-util,0.0478576748331035
dds-bridge,0.1364261970559202
my-iot,0.1448249602877651
http-client-vcr,0.2042226130589075
glossa-dsl,0.2144698599035642
dart-bindgen,0.061921071330747
rstdev-storage,0.2497183107962286
periodic-table-on-an-enum,0.1755931705078981
expire_map,0.0715703718131741
pg-client-config,0.0957732519030196
chinese-variant,0.5068818877741915
snowflake-api,0.2450171342961793
numa_maps,0.1596106030319827
chimper,0.0859081735666414
plumtree,0.0727912696548373
hcal,0.0797942323968246
libfftt,0.0516575763347677
solana-transaction-crawler,0.1034515921777324
watchpower-api,0.0887084737240751
libvirt-rpc,0.0803057235929239
priority,0.2611621168333007
android-properties,0.6884907075550575
kingfisher,0.0784125775427221
bitz,0.0982856398341198
telegram_photo_gallery_downloader,0.0504371700332095
liminal,0.0710719141243648
xkcd-1975,0.0462187634684757
file_test_runner,0.2420516258302422
elastic-query-builder,0.225967729642722
klone,0.0735363000747815
thisweek-core,0.0858507149497278
bevy_puffin,0.0727825024221623
syntree_layout,0.4066085460813209
fast-srgb8,0.7122739650365144
nu_plugin_from_beancount,0.0492322387028188
cli-settings-derive,0.2306542614583232
null-terminated,0.3740759997270965
boolector,0.2607328725513091
rocket-file-cache,0.0886268584517595
boost_detail,0.3221668232082006
vade-evan-substrate,0.1722616626916023
tide-serve-dir-macro,0.0530603437176456
row2pgcopy,0.0625379724481981
ignition-config,0.2114556186566092
solarti-instruction-padding,0.0762459744394873
substrate-typenum,0.4463420207665022
lospec-cli,0.0482721042304933
rquest-util,0.3872198085220436
timer-kit,0.4121772679939809
mira-v1,0.0879064070112789
dynast-momentum,0.0620911986521087
a1_notation,0.0712644071549832
wicrs_server,0.1830811807055097
ianaio-storage,0.1326026067764477
gas-lookup,0.09205134022345
fup,0.0560364684296265
my-eth-tool,0.0516972693703986
tauri-plugin-usagestats,0.056034360334039
cdr-encoding,0.5274264211654891
dolarhoy-core,0.0519317490602287
gofer,0.539750628229471
gph_core,0.0894236068197759
taple-core,0.078374902732872
joto_constants,0.1318111691240893
one-euro,0.0764927269946836
disarm64_defn,0.2193218370342975
dorsal,0.2439938576650244
memrange,0.2910777631489517
ebds,0.0632465889410281
osc-tester,0.0639668020578782
cargo-day,0.0507983919791662
osmgraphing,0.1062131546782728
uda-dto,0.1138589229935757
drift,0.2617245278431505
num-parse,0.1843183428018161
swsurface,0.0660824675126999
zamm,0.0649238676384874
sauce-api,0.1008258469533552
security-translocate-sys,0.1186359136387304
diesel-order-with-direction,0.0637399294501875
easee-rs,0.0571401363334066
manage_relay_users,0.0626175524410192
rettle,0.1903490690043465
sealedinfra,0.0598285209660603
speedreader,0.0665302738637779
eva-robots,0.0941938918635388
yaxpeax-core,0.1362111103466049
nmd-core,0.1855860482333986
starstraw,0.1576890370964098
surfman-chains,0.0761000063279132
p7m-userauth,0.0615592204039699
stable-intrinsics,0.1970734462783212
clock-check,0.083980546537363
structbuf,0.2164005613395614
memphis-rust-community,0.0945648662671912
sourceannot,0.1225451172416881
csaps,0.0697467980228667
go-zoom-kinesis,0.0979544138718119
swim-clean-all,0.0663275599240131
platform-millis,0.0910907527714301
isbn2,0.1565772388229147
rs485,0.1388368696606797
glabellib,0.1188910567469773
smash-bgm-property,0.0509160586449222
bjourn,0.0609133111975759
delharc,0.3981316662469162
managed-lhapdf,0.2809974798815969
tradedoc,0.0836254798797657
broadcast,0.1783621871237213
elf-magic,0.0872901992290732
bodhi-cli,0.1050527064994778
ez_netflow_lib,0.1094233476183721
boost_scope,0.0998308231735323
no_color,0.2408144648450054
dmsort,0.3181266876201813
wterm-sessionizer,0.0897040119708086
oko,0.1168082686406268
serde-ignored-fields,0.0675168735420717
timestampvm,0.1156430304589088
twelvedata,0.0955456601284328
faimm,0.0950851780118877
nu-completion-script,0.0630721780499802
spew,0.1438601745106849
sif-embedding,0.0825608744530925
dwt,0.1948933413305387
bombay,0.0781177789015199
json_value_search,0.1589570437516506
utf8-io,0.3589769460149083
skidmarks,0.1034750982415297
adif,0.1883343851371946
postgres-service,0.0695499110517632
img_coords,0.0730244286573807
swc-neuron,0.0481008450526271
mongo_indexed_derive,0.2340060483030827
repo_icons,0.1959344964883596
vouch-lib,0.2713360618156289
passpartout_printer,0.0566839609872456
aws-esdk,0.1402713173961982
medullah-web,0.1422840134821454
polarbear,0.0934257753385703
vk-sync-fork,0.1325717276502964
pilfer,0.0578154292817524
discord_injector-lib,0.0909884476319774
arm_pl031,0.351022481559167
event-file-reader,0.050536736438182
manifest-gen,0.0624116808036922
axsys-noun,0.0687262795106966
atomic-polyfill,0.6155967242878828
geo-validity-check,0.0715990679511133
image-pyramid,0.0653513588213277
fltk-flow,0.11909487991207
speedy-spritesheets,0.0840193821858652
haych,0.0658471742366351
sqlx-askama-template,0.0958890605064816
bevy_regions,0.0821428952799411
verify_string,0.0613483772092796
sumcol,0.0434737204518376
photonos,0.0611208541097162
megamind,0.0979967246560137
disque,0.0911307116042815
indexnow-api,0.0785324623755916
protontweaks-api,0.0845657692370005
fixed-type-id-macros,0.1009836479654561
lufact,0.1567019053788819
gh-cal,0.0629545766617792
geph-nat,0.1735434435860022
scale-serialization,0.1092211260226355
fann-sys,0.1074507342881295
buf_redux,0.6541197620407783
osstrtools-fix,0.0784250154836842
libbucharesthashing,0.0680126911327908
madvr_parse,0.0488703595723044
rcue,0.1774857323755107
pastemd,0.1085548239587074
bwtui,0.053085362007096
nested,0.5248729454810277
lasso2,0.245036507092494
boost_utility,0.3564465331161152
bevy_ui_mod_alerts,0.0910901557952641
stealth-gas-cli,0.0863211585753847
tokio-proto,0.561307843731898
strem,0.0540201898599927
plantuml_encoding,0.1652464211746443
warg-loader,0.08863487397005
trait-keyless,0.0525727880976477
lolicon,0.0862675254583677
emyzelium,0.1099255112033189
dionysos,0.1369531460063739
e_grid,0.3188479610929222
hcdl,0.0905685827934383
traytoday,0.0652784727906287
tree-sitter-thrift,0.0796699288123586
influxdb-dispatcher,0.0807563448792726
healthkit-to-sqlite-cli,0.0658100103957009
mime_classifier,0.1728584834560154
tempomat,0.0917924438897849
ebyte-e32-ui,0.0654825194075064
quantiles,0.4519959688890881
curieosa,0.2137221089139592
freta,0.107813130675125
claude-logger,0.0819704394728534
width_counters,0.0546205412513221
mame-parser,0.0774992075828404
academic-journals,0.0457064174583475
solar-api,0.0832179164367761
device_query_revamped,0.1216524388075792
boost_ratio,0.1561180122080322
neuro-sama,0.092693315582943
pchain_compile,0.0625402382139406
burncloud-client-tray,0.1743364219601023
scintilla-sys,0.145257015778517
codemap,0.5465834806886463
dotent,0.0617923623464996
linux-errnos,0.1457938929503791
exp3,0.1030201900404486
mdbook-chess,0.0681748729340356
tabler-dominator,0.0472717857405168
nip-55,0.1518561115445502
headifier,0.0570372343973474
pasteboard,0.1470588664636262
pbp,0.1060609670853371
robot36-encoder,0.0518110983429415
melwallet,0.2440079585035086
nexmark,0.0939966803381858
fn_meta,0.3016557992891854
workdays,0.121831802717889
tracing-appender-plus,0.1190476938360582
symmetric-shadowcasting,0.0632473599889029
rinex-qc,0.1072510636996915
check-jitter,0.0881460889510023
arrow-udf-js,0.123352138101889
netinfo,0.0882886020852843
gyazo-api,0.0876011492436026
barebones-watchface,0.0624330943256352
stroke-width-transform,0.0426634784560168
profont,0.2418997337628377
yew-alert,0.0971753319843949
iir_filters,0.1314841520509387
assert_unordered,0.2021221121274524
btf,0.2089779225627752
coulomb,0.1054786508294627
lpc55,0.2069329555668245
fleascope-monitor,0.099038125627932
xml-canonicalization,0.1574751660024699
rusthesia,0.0867799603376293
dfwasm-compiler,0.1087024748901108
cargo-mtime,0.0733962497380632
oxipng,0.652717696284773
type-leak,0.245443197841824
haikunator,0.0815060317419185
oauth2-doorkeeper,0.2766537197038321
cw721-soulbound,0.0832955586052608
tic,0.2529127610490388
ashpaper-bin,0.0531325888935155
boost_type_index,0.2245441191203571
calliope-common,0.0522139234144683
faust,0.0549373900465801
fred-macros,0.5532131969188672
roaring-graphs,0.2061383167645492
mostlybot,0.078345743926394
vault_iam_auth,0.0567249600229631
stringprep,0.8833529060882528
async-dup,0.7288217411658167
modern-arecibo,0.0551344359071945
franklin,0.0709492840980392
trading_sessions,0.0627077352784577
iter-read,0.5993252388679513
crossbeam-skiplist-mvcc,0.2223835135908277
rs-aggregate,0.0556329428369131
lnexp,0.240018959587288
cargo-clearlydefined,0.0835082704609421
vortex-tui,0.1333922655350323
flickr-api,0.0784794423207442
evmscan,0.1702697377183903
mop3,0.0824041525404693
synthahol-phase-plant,0.0594260272244207
drain_common,0.1537990353145582
gnedby,0.1019523648821369
lockedbox,0.2172474138761808
openai-magic-instantiate-derive,0.0957023991237588
matchbox_socket_nostr,0.1457410955518616
mediathekviewweb,0.0820757384905099
kaptn-derive-extrametas,0.0947653217431535
leb128-tokio,0.4547917216133432
sm64gs2pc,0.0608208251352161
crispii_digits,0.0632937438159825
tldparser,0.0665563032088587
quantogram,0.1623051824766775
ldwm,0.0447009588443181
kapacitor-multi-indicator-batch-udf,0.0454972783350439
triton-distributed,0.0596462953640715
bytes_parser,0.1253688470526457
lifetimed-bytes,0.374646228432499
code-it-later-rs,0.0956241677884949
spider_transformations,0.2149280953119668
tooka-core,0.0943532794010934
kapacitor-multi-indicator-stream-udf,0.0459540706400503
casmap,0.0464962377573543
wyrm,0.1440262553825137
yellowsun,0.0833549067755136
graph6-rs,0.1690320458824785
rustlink,0.0767323916879025
miraplex-sugar-cli,0.0568617006365791
wordsworth,0.1329138339111188
dropout,0.2622689993653837
stack-opt,0.0678000862748389
noiserand,0.1798491823847172
const_str_to_pubkey,0.0782402837546573
libmelda-tools,0.0604182487604312
trans2quik,0.064848338652939
actix-web-middleware-redirect-scheme,0.0852982455253145
sso-ui-jwt,0.0717119213514952
harvest-api,0.0651479723833541
danfoss-ally-rs,0.056247305199222
raw-cstr,0.1386199698765972
ppb,0.0791244087080227
spawn-ptrace,0.1363944832779471
fsc,0.0970046775830891
tpkt,0.1596436036245397
count-macro,0.1724158403000385
mp4ra-rust,0.5183567314753067
kneed,0.0504749420890577
pushid,0.0533241973435092
bmbp_app_util,0.0823082746453521
freenet-scaffold-macro,0.1716560742951164
bevy_mikktspace,0.6562114720160634
rc-new-cyclic-fallible,0.2570502912791459
rustitude,0.1981254856338921
nu_plugin_to_xlsx,0.0857774785259533
ab-code-gen,0.1186326043726271
bcheck,0.0811156037202841
rust-ssvm,0.1957628546965776
amscrapper-rs,0.0672600898534461
resymo-agent,0.0926694291698402
shrimple-parser,0.2008781496642636
imei-info,0.0670000175047787
fujc-api,0.0662377828945844
dixxxie,0.1017260456957806
haversine-rs,0.23486999464968
http_halforms,0.0499482558585167
address_translation,0.0919838427738211
claws,0.0787217106972896
yaml-adapter,0.0494099521789946
nominals,0.0641970440658405
check_brandmeister,0.0646792079263751
fuzzyhash,0.314172499480509
shogi_legality_lite,0.1770786881389186
bndl,0.1242922962422074
chainchomp,0.1503908335851231
solar-calendar-events,0.0537025844992564
cff-parser,0.5047116179075065
sfio-tracing-ffi,0.0687163144149182
subgraph-status,0.1004002769325748
zbx_sender,0.1619328379906741
splitwise,0.0816089621687115
alac,0.413811100962259
gategen,0.1804536157545329
repcon,0.0651748347091407
rust-clacc,0.0622431602491624
async-google-apis-common,0.0971492670183553
cargo-member,0.0727471486630227
cortex-dispatcher,0.049281493418151
phonet,0.0600144770896229
flic-rust-client,0.0514691735926772
branchia,0.0769399621924281
launchify,0.0589337398064332
libpatron,0.0863456549580712
nifty-cli,0.0519523527759721
cardio-rs,0.1038866328915972
declarative-macros,0.1988981552483753
err-rs,0.2720110163163043
axum-mongodb-core,0.1118915221033735
lunchctl,0.1183394561656598
timeplot,0.0946968748868905
intuple_derive,0.1112945348064573
watchface,0.0583041984683495
qrsync,0.1074694641119995
wearable-collection,0.0569614842631163
bitbucket_server_cli,0.1086630970000635
abstraps,0.0787545758673108
seek_bufread,0.2724574806228285
withings-rs,0.1130875239755225
bevy_doryen,0.0867976946280121
pamly,0.0776940605465506
duckai,0.1121530842501747
lsp_msg_derive,0.1301893592213646
kafka-totop,0.0510522401229337
thruster-cli,0.0655066069728653
polyfuzzy,0.1677798877400708
rust-with-kafka-tls,0.0813638683891154
mpd-fresh,0.0686138976506256
pageos-greet,0.0943624171852873
journald-to-cloudwatch,0.0751774475965137
idna_adapter,0.9043094479838168
dlms_cosem,0.0653700306022516
zemse_ssz_types,0.1977406777519371
riker-patterns,0.1827504046012712
bevy_2d_collisions,0.0647625024580038
panamax-search-lib,0.1635944519156808
handlebars-iron,0.3567386767201798
applin,0.1496980077197623
subset_sum,0.1036568558352041
tinysegmenter,0.2372038357314992
poipal,0.099629663258828
exec,0.5797264096780333
tononkira,0.0899631251755539
robius-android-env,0.3351530134206365
cli_utils_hoijui,0.3551848207387618
parsec-interface,0.3398005516310912
untools,0.0499859073805432
sqlx-pg-seeder,0.0630755385091207
http-body-to-bytes,0.1303430807178637
zigfi,0.0752855386415927
rs-cinic-10-burn,0.089371279628952
boost_tuple,0.3169837728888831
flop,0.1377681457020227
fictionary,0.0548111973986113
rgb2ansi256,0.1848657772275802
atopology,0.0821490735469357
shiori_hglobal,0.051297127162103
render-api,0.1543961750474317
usize-set,0.4879342511857524
digit-sequence,0.1765546341878836
reinterpret,0.3509586863958492
scholar_cli,0.06364243069081
diskplan-config,0.110031270937217
caterpillar,0.0532102217738615
libxdo-sys,0.5997444015438329
rs-plugin-lookup-interfaces,0.0501084840110148
boost_chrono,0.2030703081119708
dcs-module-ipc,0.0729515125022062
map-ok,0.1333939311086406
sstable,0.3319240249194581
ddnet-map-gen,0.073987027260807
placecare,0.0684229612358523
algohub-server,0.1161702785271459
gmt-fem,0.4462655811090661
nitrokey-dmenu,0.0444610710796571
kondis,0.0947752962764429
bempp-quadrature,0.1758998952852473
all-pairs-hamming,0.0893672914095192
motu_avb_api,0.0894370980189816
qtranslation,0.0510408369679096
csv-zip-maker,0.0913593199250138
checked_decimal_macro_core,0.0894496742198892
qls-proto-utils,0.0997844709603305
seqrepo,0.3189880762155885
ibex_core,0.0665344259082523
zipf,0.4720766072885464
bevy_anyhow_alert,0.0565365173374151
cnc-rs,0.0744294322911005
lfc,0.09260705224659
hl7-mllp-codec,0.0572504029937197
heroku_rs,0.0970986652869245
vmd-rs,0.0489796635691032
tide-github,0.0730783254541784
artano,0.2075938084484756
ingest-nuttx-builds,0.0548475578648813
kagisearch,0.0659590103151005
mobc-tonic,0.0745398031035896
sftrace-setup,0.2565333348341714
pointrain-io,0.0561227990031309
cita-database,0.0601852673448446
netsblox-stateflow,0.0769076917051019
fv-template,0.3164785742452422
sepax2d,0.1273146880546549
farcaster_core,0.1742729689835359
marked,0.1302150784710805
stealthereum-cli,0.1008975481589254
serde_graphql_input,0.307312536648183
specta-jsdoc,0.39679796349987
csv_polars_cleaner,0.0685452318883407
dynamic-graphql,0.3224085563771018
downapk,0.1053978707840734
ysockaddr,0.1754253457344918
libtad-models,0.0514893898556555
waffles-solana-keygen,0.0725075503311687
slur,0.1234264865915793
manager_handlers,0.13556133576774
ssr-core,0.2286282865185206
audir-sles,0.4178281399647614
hypothesis,0.2113654159756892
arcula,0.0904036209269296
rain_cli,0.0982889808363628
uav,0.1758498361892626
aidl-parser,0.096838848147659
crates-tui,0.1268719090764427
stack-sizes,0.195597068929201
blitzar-sys,0.2793575571287558
linux-taskstats,0.185743735343526
float_extras,0.3667956156529601
markerml_backend,0.1190390396431946
thread-register,0.0660071962141666
neweden,0.0755397457080418
libtugraph-sys,0.1183749441210841
xkcd-bin,0.097506029239286
sde,0.0855553327191857
soplex-sys,0.0713870826671185
spawn-access-control,0.1096660383058099
alloy_serde_macro,0.0955055790583889
waco,0.1083178629149509
cursive-logger-view,0.1910729521026758
bevy_ui_string_parser,0.0491075919916646
fish,0.0664529629984252
fx-handle,0.0762470821240661
ce-cli,0.0933450059799168
fiberplane-pdk-macros,0.1724604949289366
kubizone-common,0.2849044512001267
ht16k33,0.2390823284248181
async-change-tracker,0.1603376135578902
headers-content-md5,0.0465820408112358
healthy-monitor,0.0625913683358239
hf-hub-simple-progress,0.0507502202003959
marsrover,0.0522383287003051
chilloutvr,0.2918089687545295
implicit3d,0.0837547395703747
radmintools-tui,0.0651670433766019
create-vue-monorepo-rs,0.0667380994078219
metadata-store,0.0568543022159359
intfloat,0.0983489064165799
safari,0.0458233158926885
web-sys-main-loop,0.0442672546673493
anyscript-compiler,0.0443258504258253
substreams-sink-prometheus,0.0522546411025186
osm-geo-mapper-macros,0.081536475469209
parselnk,0.3260574187974424
privatemail,0.0919603733401067
magic_string_rain,0.3287174453458767
phnt,0.2237066447928971
seaqs,0.0566110925241088
pin-cell,0.3781036829057788
bagr,0.056906569946391
smartnoise_validator,0.1142708153181598
rmq-tabulation,0.0443328184274965
labhub,0.0978127336157989
soundcloud-fs,0.0526627084802768
async-graphql-viz,0.0983638123725955
datadog-logs,0.1501952444815751
fwf-rs,0.1642871803371134
expat-sys,0.4313667535791869
ici-files,0.2316921840499149
kair,0.0586647792138364
da14531-sdk-macros,0.0829127662420643
atpacks-svd-harvester,0.072288050312511
iter-tuple,0.1746776676930717
database-reflection,0.1402504273791837
gtfs-realtime,0.332234991088854
matchtigs,0.0957214471737958
tree-sitter-newick,0.2156279506127853
cf-turnstile,0.1421556282241914
termion-input-tokio,0.095591194397435
munyo,0.0743724583316649
enzyme,0.0490451137978288
ndarray_einsum_beta,0.3936200773994129
filmweb-csv,0.0603074728935101
api-errtype,0.2137535651836502
ordered-stream,0.7614916627487955
yatis,0.1069973409851594
miku-http-util,0.1039836440974559
async-oneshot,0.4548086222149916
en2tex,0.0600985379389874
thread_local_collect,0.0932410049953311
device-register-macro,0.3141469318977267
delay-queue,0.1125182607579582
tauri-plugin-polygon,0.0695530451232449
xirr,0.0675471097882069
freqiterator,0.0652756404384341
tidy-sys,0.1737001197210425
tonic-otel-layer,0.1081525189869445
yaz0,0.3319598609608833
ci-hoover,0.0771830416318555
stdto_core,0.1634834528397343
bananapeel,0.045124588031941
label_studio_yolo_datasets_converter,0.0460620805988377
quake_text,0.2428517623237183
dd_tran_tool,0.072836774696224
poem-middleware,0.0579288677259354
countio,0.528762459547921
xelu_free_controller_key_prompts,0.0585042604151953
dummy-agones,0.064530664753815
nimble-steps,0.0547049983864171
tardis-rs,0.0766292162783586
ns-keyed-archive,0.2099079278084926
minspan,0.2996127560596043
rust-forth-tokenizer,0.1157877232591975
chess_dl,0.1010532044452492
boost_intrusive,0.2272711752736154
dipper,0.1262284479882976
anypki,0.202948607478034
jsona-util,0.1878287942566761
ianaio-worker,0.1854295280127759
nskeyedarchiver_converter,0.2570326073281683
strided,0.2112461579591166
kickasstorrent,0.086692292439266
never-say-never,0.5979811950502073
openfoamparser,0.0486742594985437
libatasmart,0.1072025251614601
twibint,0.083599606565021
kimage,0.0651036206454597
plugin,0.5634912258696219
floppy-disk,0.3142005471250669
github-device-flow,0.1011872644203202
wimp,0.0572015804314235
imgorisort,0.0574348124932783
houseflow-types,0.2327592525096593
toml-maid,0.0740093866113976
omni-wave,0.1240123718819382
coup,0.04205645549266
retroboard,0.059623573467684
mongodb-language-model,0.0559961115295327
json-gettext,0.3414683432716675
dioxus-translate-macro,0.0758572526099614
pdb_wrapper,0.0656652873185425
ognlib,0.0802903211992232
telecord,0.0712290935585479
bevy_oddio,0.1999678557606607
speedrunapi,0.0731322309881861
retina-record,0.0841922458329119
eytzinger,0.1822557491277936
dify-client,0.1651601126482515
kiistor,0.0492053955841084
instant-epp,0.0652526926744902
openapi-to-jsdoc,0.056326135202312
simple_host_networks_manager_lib,0.0883524232365241
cronback-dto-core,0.2335444577809277
rendezvous_hash,0.1691287364927341
zuk,0.128458350734908
multiconf,0.060816204956592
upstash-qstash,0.0691769032171654
sig,0.3359609574542008
cuticula,0.0539710712190921
beamdpr,0.0638296335405686
ulam,0.0768630537967663
recently-used-xbel,0.233634612333147
applin_headless,0.0674382369511266
bevy_mod_paramap,0.0566020545534001
instrumentality,0.0733347625420002
shakemyleg,0.0647004045365242
dewey-decimal,0.0705978824400681
sequential_gen,0.2867308526652374
plugx-config,0.0776452155763174
rustana,0.0506217807163485
litesvm_client,0.04880238660187
walky,0.0773384558654957
result-inspect,0.2409000667891416
finnhub-rust,0.0826371749301652
simt_cuda,0.099418012695127
nvim-send,0.055603802436064
tdb-succinct,0.2343917057964222
ic-metrics-encoder,0.2288187705628055
canvas-grading,0.0922259451110575
lets-encrypt-warp,0.0892161209729317
poetic,0.0641877372691489
config-better,0.2427777525122254
chuchi-core,0.1752278217185153
file_offset,0.22193588823349
cln-zapper,0.0763827059571655
lemmy-scheduled-post-bot,0.0450203772689432
cheminee-similarity-model,0.1631694277219629
argopt-impl,0.2414708655830183
netlink-packet-xfrm,0.1371388363993258
vviz,0.0873875178223762
coze,0.0989624099767924
warp-range,0.0707886505260775
starfinder,0.0969114045453678
xjtu-login,0.1110405966305789
ru5102,0.0701611329314975
acari-lib,0.1734116288148519
lol-async,0.1558864385189593
erl_pp,0.0896306397023207
snapshots-math,0.0547904078255528
expo_push_notification_client,0.1333164957296166
homeassistant-agent,0.1576348944382369
swarm-commander,0.0681746402047931
min_infmachine,0.0808561646385321
bacdive,0.0926971537495757
breakers,0.0682523146236247
gash,0.067583711479607
lessanvil,0.047739583924721
luv,0.0580525441503324
pros,0.141717211867813
nitter-scraper,0.0680113988224593
material-icons,0.135115292015385
escape-bytes,0.4902419960649882
java-locator,0.8336262085166009
asterisk-ari-client-rs,0.0800883369686686
bsud,0.0771559119359377
syn-miette,0.0972660846556044
maintenance-burden,0.0472825162992435
fluence-fendermint-shared,0.1067821072667484
mml-cli,0.0703903109155913
rowcalc,0.0651359028411741
n3rgy_consumer_api_client,0.0479122364302841
akasha,0.0839378300297699
intl_pluralrules,0.7085830753265104
clap-dispatch,0.1780553838585207
neis-client,0.0689487078047435
ragout_custom_events_macro,0.0477188451013241
roli,0.0994252543427191
source-map-node,0.3447706364064887
dcl-crypto-middleware-rs,0.0652038080667913
ux-dataflow,0.1770780916367006
shpool_vt100,0.2093216093105347
pktparse,0.3512983440039571
depth_analyzer,0.0619199915726531
cursive-tabs,0.3453421850821911
autoregressive,0.0503083592236253
hcaptcha_derive,0.1919582634861527
json_value_merge,0.5696729573013767
atlassian-app-auth,0.0628591673702046
archid-token,0.1028337572537007
boobytrap,0.086916105975991
json_pusher,0.0439647167820145
cargo-thanks,0.0679054846651247
external-dns-sdk,0.0945421955270176
source-map-mappings,0.21687641226263
webwire-cli,0.0468874442887866
webgl-rc-macro,0.0982493559959294
git-req,0.0955670557271912
network-metrics,0.2396168877593192
rsfs-tokio,0.2164545508142389
yew_flight_indicators,0.0563537861199371
cega,0.0634429761930465
timespan,0.0620782140547759
sn_routing,0.1292566315842115
blender-mesh,0.2830227641983397
lark-type-check,0.2353002966287489
pg_parcel,0.0649559761860482
seshat-unicode,0.1726896971357812
tla,0.0857347065317563
git_rev,0.2820453770088956
pmtiles2,0.1947833528723471
ldpc,0.0818447990373049
notion2pandoc,0.0865056361338755
yampl,0.0835490546395575
needroleshere,0.0807310437398153
buongiornissimo-rs,0.1991243716166132
llhd-sim,0.0543577970708761
suricata-notify,0.093282613633349
cargo-dephell,0.0952727272345817
qifi-rs,0.1605064216767441
aslip_macro,0.1283597589655019
cargo-inspect,0.0840476934164165
manifest-filter,0.079246831387044
fmerge,0.0650190634443246
kvdb-persy,0.0891205644774718
pa-types,0.2412554881852874
zipimgzip,0.0818590233199451
composer-parser,0.0572370970793698
cpp-typecheck,0.0672574267821266
pg-interval-sql-json-binding,0.0456427260158893
linux-gpib-sys,0.0814026905214252
seq-set,0.2841724998066721
autoruby-cli,0.0747595679643283
yajlish,0.1822173704022164
gandiva_rust_udf_shared,0.1685945528070412
bevy_llm,0.0942285975474424
lakers-shared,0.454419174787061
bk-tree,0.3640376269550407
qtum_hashes,0.1084844050038781
nsi-jupyter,0.1230344261046113
faunadb,0.0924885069248478
ftrace,0.0687702041686343
p7m-phone,0.0982317656429276
miracle,0.0683932610173907
stack-db,0.0713151819350052
trigram,0.3810756338103115
blif-parser,0.0554243641925671
cerk_port_mqtt_mosquitto,0.0785118806387391
bindeps-simple,0.1160358876768703
cargo_ci_template_core,0.0932336013542697
glaive,0.045948805157046
traefikctl,0.1287456197385658
live-view,0.0725378185968346
s2o,0.0644013668728034
structs-sh,0.0551050680988654
hamming-bitwise-fast,0.2499391970980864
bevy_ratatui_render,0.2702521370450697
simplify-polyline,0.1732376393112191
hlx,0.1529176923981425
byte_reader,0.2361031257265473
uni-app,0.3233454341536435
crowbar,0.2636720266030168
miraplex-token-metadata-context-derive,0.2320325294978679
mkcontext,0.0776523336784387
fuzz-introspector-client,0.0458256252358958
tiny_ed448_goldilocks,0.157356887437647
egui-dataframe,0.1477210274939798
goose-eggs,0.124444985314864
indexing,0.2159611228045458
contentful,0.2742766649510221
amxml,0.1496929667557074
ibe,0.2609286964705956
p5,0.1031008835259851
m10-sdk,0.1312866891821275
parsec-client,0.2410631712350435
nwbview,0.080066714768862
scte35,0.0664651089481176
async-shared-timeout,0.1775320177548487
collate,0.3924763144808517
tauri-hotkey-sys,0.0972241486407324
maestro-rust-sdk,0.3740571694766202
ornithology-cli,0.0524265531073567
dicgen,0.0605972126392348
cargo-emit,0.3271977627543827
iata,0.0701127049760748
open-ambient,0.0493121550071003
jaegercat,0.0491630046227854
pricedb,0.1259810213257809
nuttx-test-bot,0.0841106526983734
pct-str,0.6363981229590958
cardinal-marketplace,0.0761389940959841
sikula,0.1107129942914103
eodhd_rs,0.0616479792276209
qsv-sniffer,0.369396188687265
filenamify,0.395999873708315
relp-num,0.1981692418001945
community-id,0.4606865962877943
passage-id,0.0526959334734189
ansible-sshman,0.0643823517725787
tastyworks,0.1239220884906628
tmpl-resolver,0.0984099468388605
elf_rust,0.1105049663808854
sdr-heatmap,0.0620307398865986
fpcli,0.0552650063274699
anylock,0.0848283910946722
extxyz,0.2544964669803433
access-queue,0.086169883173843
cifar-ten,0.0670916593780682
burn-contracts,0.0864880741090002
artifact-app,0.1212157373572318
rust-patlite-beacon,0.1042965808526249
osauth,0.2991082118183473
packbed,0.0743066222995991
vndb-api,0.0843613736960601
restapi,0.1174609107849792
grass-ir,0.1442669397033973
check-macos-updates,0.0659283099195001
aws-lightswitch,0.0595003746503303
handlebars-magic,0.0789333742649052
find-subimage,0.0526574815697884
salps,0.1358572977003611
macho-unwind-info,0.619010452343815
xum1541,0.1222793508529085
cli-kneeboard,0.0903950093516147
megaui,0.2262200018541831
qmachina,0.0836417741882979
bevy_ninepatch,0.1332272611115391
tracpls,0.0617703411891813
gatherbrained,0.0661005689591056
deltamap,0.0710312470197012
linregress,0.7641312093155213
kya,0.0906364149239884
nwws-oi,0.0649139760562593
kaiju,0.0992134014491594
starstuff-types,0.0672565959481828
aoe2-probe,0.0706102013202276
myelin-engine,0.0923382456847071
comfund_macro_impl,0.1387306151222099
itf,0.0942169772339687
httpcodec,0.4512762938211429
flymark,0.0941752444944276
async-gcode,0.2171095322228368
lightshark,0.0484294910556599
adyen,0.1168082237283998
nix-base32,0.3088175121545637
cupid,0.240760520810003
boost_functional,0.2881148811482645
circuitpython-deploy,0.0548235578792005
stoppable_thread,0.21676557148423
release-dep,0.1103118771161522
oomclient,0.0843920199825966
phalanx-crypto,0.1745615066100904
aerostream,0.1325416031531219
os-release,0.5146127890055812
rust-py-miio,0.0601567815483144
btypes,0.0563711491427722
region-cn,0.0885294840204668
cargo-feature-aspect,0.0776603487029748
bing_client,0.0656456119192167
no_browser,0.1483639394221277
p7m-sync,0.0844523746059688
passport-strategies,0.081193473665374
stark_evm_adapter,0.0828910175691231
eoplus,0.0400025631591393
monitor_sleep_toggle,0.0468445628607213
creator-simctl,0.1825128888217426
pilgrimage,0.1396877699729379
miss-demeanor,0.0711333562947837
doubled,0.2450209658618289
kindling,0.0871294274027193
ssh-to-ansible,0.0511593710652012
designspace,0.0473176293207706
binary-search,0.2761134230929227
flips-sys,0.0563679224164704
lenra-app,0.0626557837104972
polkadot-rewards,0.0803387499463008
pasta-msm,0.3014332827652572
okizeme_defense,0.0883759587048189
topdio,0.0649538612644974
quackngo,0.1038543187025617
gskits,0.4532498910904846
wait-for-me,0.0704320825551127
holochain_roles,0.0674201323344201
image-rider-fat,0.0692512086266271
spigotfly,0.0706742354226304
gigachat,0.0781793304553456
thenewsapi,0.0579149280508094
smash-sli,0.050568964366389
lambda-otel-utils,0.0748719018942593
old_school_gfx_glutin_ext,0.3226705844711692
deft-simplecss,0.1496865030088916
tinymap,0.1561478990796884
substreams-entity-change,0.0876554701175664
axum-yaml,0.2733187064025351
tracing-aliyun-sls,0.0746204369886433
telereads,0.0823236360101832
share-1password,0.0598576554177481
trace-recorder-parser,0.1901974752065354
type-mapper,0.3489365661348255
sketchy-rs,0.064394140063769
xaskpass,0.0975340789414048
zip_downloader,0.0628069278634087
crankx,0.2926533181227796
yamaha_avr,0.0460122618310171
patch-tracker,0.0853036045799496
phantom,0.3505058432619213
zdump,0.0539536336382974
walign,0.0483757476164474
daumdic,0.1481921642410091
velodyne-lidar,0.1909401146422013
acknowledgements-rs,0.0958134601352813
distiller,0.0688885495364185
qproxy,0.0953936835498152
astro_nalgebra,0.0507669767255693
flatzinc,0.1420230531016801
cretrit,0.1252580529683128
intspan,0.2501581056764433
swc-plugin-dev-expression,0.0713865357446126
ecr-dump,0.0476853434131927
tokio-async-drop,0.2946199484381779
kde_diffusion,0.0811489713371577
treed_gpu,0.0444848761323101
rsgmo,0.0800288828534778
collectxyz,0.078717473070299
ipfixrw,0.0761042973434255
hpfile,0.0461531453752679
ruspk,0.0701575763232211
tankerkoenig,0.0787840241079727
grim-reaper,0.1021752780206997
tr1pd,0.0565874953001046
bitcoin_uri,0.3317498138587534
rhai-chrono,0.114292523761845
linked-data-next,0.2876419662360803
canary,0.3257400776117799
swf-emitter,0.0614680245062531
github-heatmap,0.0472818267308786
randn,0.0661098909816757
jsonm,0.2754914949970178
fritzctrl,0.0765038740149895
rocket-etag-if-none-match,0.4128651202305787
nthash,0.1827823217036771
animo-secure-env,0.3484284304966604
cardito,0.0609922487983403
thcon,0.1002518983752426
ksqldb,0.0744614867241997
slice-diff-patch,0.0838514449687673
stlrs,0.3137410928739322
moshudp,0.0542817355592335
claim-ip,0.0482357840690721
exa_api_client,0.1010150315204341
fxrazen,0.0484231236207618
algonaut_sandbox,0.0467486350889088
livedraw,0.0689836882579535
hyphenation_commons,0.6474116758976507
turbo_pfor_sys,0.0784825861598352
termlaunch,0.0887203233456088
krakenuniq-rs,0.0696875180425502
ahc-evaluation,0.0422304952373554
seeed-erpc,0.1803343474852625
ff-derive-num,0.0877960287581415
aelhometta,0.0757758548338514
parking_lot_rt,0.416946376215334
kez,0.0808125386235509
easydonate-api,0.0539998266240704
dprint-plugin-css,0.0600268257823103
cfg-cli,0.067973702196238
composer_lsp,0.0717901660110706
kalavor,0.0887955742421141
merge_config_files,0.2142113350392171
pipe-logger-lib,0.1776171513890842
covidcotra,0.0478020321856249
shipyard_scenegraph,0.0827253941632827
popgis,0.0809624482206677
subtr-actor-spec,0.0566358863093195
signpost,0.0773579895002491
nu_plugin_rpm,0.0897110480168022
named_pipe,0.5886424924906745
redis-event,0.0536888724135313
usi-run,0.0773047361505038
pooled-writer,0.0869663191949638
bitbelay-statistics,0.1687919909275667
selmr,0.0885424959418747
ua-job-parser,0.0727165370937947
gwmp-mux,0.0645196502651105
min_shark,0.056079676222484
provenance-rs,0.0554466055836632
count-digits,0.1675130487887358
mr_geo_thai,0.0618769846254361
boost_mpl,0.3511635758775172
xcodeproj,0.0960038926376282
b4sam,0.0851772103942221
hoymiles-rs,0.0744083058713688
glint-mask-tools,0.0577570906071842
mobugsnag,0.0435269034213126
sort_solves,0.0390230728017655
coveralls-api,0.4470369223762858
tokenlock,0.302248753427705
msvc_spectre_libs,0.3414424750044143
thin_main_loop,0.0565157454923242
bustools,0.0859068677014026
zwohash,0.3476091279593164
cargo-pkg-info-struct-builder,0.0524758663496656
flopen,0.1368588188723691
xtag,0.0945103810883616
csbq,0.0574319513748164
include-merkle,0.054469709669724
extended-isolation-forest,0.2838227115640252
userland-io,0.0475023607457448
leptos_datatable,0.0540438182936484
bpf-ins,0.1430620448933115
foxy_log,0.0801900580663825
containers-api,0.5301356510292043
stybulate,0.2322453738034555
memory-lol-client,0.0489437568677137
unlock_excel,0.0639806813177361
shipyard_hierarchy,0.1226626972405976
canon-cli,0.1432829898668244
nerve-ai,0.1097687026883672
iced-twitch-gui,0.0722569955322832
ipfs-server,0.0704718473735037
msp430-atomic,0.1092821398731738
easy-rs,0.0906173676024762
socket-pktinfo,0.5493759377982828
lego-powered-up,0.0798621346160802
udp_sas,0.142109681766269
arctree,0.1502567394047766
vapix,0.0544765471918499
reflection_derive,0.1635690916949368
zte-cpe-rs,0.0821378001459803
iqengine-plugin,0.0512436606283258
saorsa-fec,0.3480610535957931
nois,0.0951956704900422
dbg_hex,0.1739163349763541
simple-game-utils,0.2117242193844015
savgol-rs,0.0650872551692727
github-issues-export,0.0789319729634017
json5_nodes,0.1210784242085008
vecio,0.0624111178817442
fsvalidator,0.0585670015545181
web-dump-rs,0.0985202454278827
boost_preprocessor,0.3412230523255327
mdbook-emoji,0.0632920512703183
tangy-lib,0.1487792109304994
iocuddle,0.4366791217215591
asyncrun,0.0554558063906676
bndl_convert,0.22747790085309
aei_tag_parser,0.0461989813195921
cuckoo_miner,0.1355154041462842
phonerr,0.0549265977960729
slack-auth-middleware,0.0742820609424619
forgery-detection-zero,0.0454017774313964
mxmlextrema-as3parser,0.1756082967742044
yealink-phonebook,0.0513204241862509
json-canon,0.3803050972480497
jcblocks,0.1116608828292662
revoker,0.0443472442677343
bsky_tui,0.0959649095219473
snipe,0.0556401608348332
slabmap,0.3597711264617681
safer-bytes,0.4000889959937047
vtubestudio,0.1669987181262282
cloudlog-adifwatch,0.0895425300545226
batched-fn,0.0595196154122589
resolver_api,0.2633838961668726
nucleo-ui,0.0712928317739201
qiniu-download,0.126061977113297
odds,0.3952025478851772
reddit-badges,0.0590359940090258
ccdata-api,0.0752603178707055
sct-reader,0.0654792049805223
scte35dump,0.063295906984303
arpeggio,0.0620845770139686
spotflow-rumqttc-fork,0.0940825309391318
twine_spec_rng,0.0562090136812968
flaregun,0.103304319335464
questdb,0.0746421341024187
torrent_search,0.2278098849687165
web-service-count-axum,0.0877878877751571
furiosa-device,0.0760875420289303
rups,0.2079535557409554
metadeps,0.0903922875306707
decthings-api,0.1021008905292336
staged-builder,0.4260258073978581
legiscan,0.0786398500850824
block-utils,0.2921280507010663
devela_depend,0.0585417056999448
baz-tree-sitter-traversal,0.1201736749232139
swlang,0.0940693232981812
lucia,0.1129716819481472
pchain-types,0.2901630077674996
genominicus,0.0829914908525094
prisoner,0.0767144215898415
boost_algorithm,0.2349237633235863
dbus-udisks2,0.1127524193176943
raftlog_protobuf,0.2164818543171479
gettid,0.3499020429049566
lbs,0.0799958310895789
unftp-sbe-restrict,0.1632843334275538
tiny-led-matrix,0.3118389737173156
static_dir,0.171703329445976
metrics-exporter-plotly,0.0450500456245586
irrc,0.1684877954648822
y-sync,0.2952638134501236
gvas2json,0.0799835956467542
rustifact,0.0790072983561545
vdot,0.1123663395738967
pubky-timestamp,0.3331044140556773
csv-groupby,0.0806965361511733
libp2p-scatter,0.3501825540983631
stashr,0.0526914691475347
four-char-code,0.3850795792325981
site_icons,0.4345647867120754
idr-ebr,0.3576450155141772
sentrum,0.1019469647988329
ceprustico,0.0478086272992299
youtube-first-comment,0.0687015525865446
funspace,0.057385245557345
juliex,0.2861934951181132
slog-envlogger,0.6776190904516913
cpuio,0.2472298451233577
umi,0.078871349709499
mailstrom,0.0917843020902823
converter_buddy,0.0741653432652905
fst-writer,0.1859013457465049
unwrap-infallible,0.530646923239485
live2d-parser,0.0581517036825001
liberasurecode,0.1275694646384549
fs_mod_parser,0.0789032536372589
mdbook-scientific,0.0680803864407772
solar_time,0.0583332141563158
tencent_im_rs,0.1110175613303447
mongo-tracing,0.0722293708231006
haxeget,0.0739217458771753
hedged,0.0481194228228742
uo_rst_parser,0.0784324208449556
wsv,0.0816855142713579
shenyu-client-rust,0.0962249551641428
ryan-cli,0.0562829783503845
city2ba,0.0473101567865122
gh-stack,0.0812700112233889
sigmah,0.0633786501670344
netsblox-ast,0.3343626919555465
readlock-tokio,0.4933059881225612
utf8_iter,0.7976950813212033
env_applier,0.1076747568757741
safelyx,0.0503618396094141
feeless,0.0952065915672896
clowder,0.0753559952136267
sync_docs,0.2045258139092111
reiterator,0.1068262515695966
cargo-with,0.0545874691288158
acc_reader,0.1505964318814257
mdbook-minijinja,0.0729326081283513
doc-cfg,0.3168896325872404
cypher-dto,0.0618002852692147
boost_property_tree,0.0728408060817608
pwrsurge,0.0673177157458885
pinot-client-rust,0.0862188716147968
walletfetch,0.0792785552700173
mdbook-cat-prep,0.0855691380808108
phab-comments-to-md,0.0832423031037165
jdx-csv-lint,0.0725356792591384
weather-union,0.0643829204828923
xdg-utils,0.1159021176487082
td-client,0.1005334110604164
weighted_rand,0.3116217375686299
array-ops,0.3256166656759205
bevy_webgl2,0.3551510289966227
flameshot-rs,0.0548617457645126
linecache,0.0711088756555445
iconv-native,0.1610449279915846
ux-animate,0.2762017272968833
datetag,0.07001204622398
getrandom_or_panic,0.7397969452819709
custos-macro,0.14930929173521
n5,0.2826992148221794
wxf-converter,0.0502398431487641
gen-iter,0.1416783380101657
vade-didcomm,0.0886505499115623
asciisavers,0.0773605409265033
tee,0.370341347393855
dcl-rpc,0.1111734915802854
ts_sqlx,0.0777344436760621
ssli,0.0707458191753564
spotify_dl_lib,0.0894864559903135
ruxt_macros,0.1057335148505302
nip-70,0.0751960945551384
libknox,0.132990053662826
kneasle_ringing_utils,0.1813643939061889
proxyvars,0.10038350782288
gw2timers,0.046878062077961
jlink_rtt,0.3659347573964418
line-login-api,0.0634280779047317
cargo-diagram-printers,0.0746179289038668
zonefile-crds,0.0619679393110914
range_rover,0.1066287251812786
gatenative,0.1535557201090804
clevis,0.0789871763357285
ink_lang_ir,0.3959800319240998
serum-dev-tools,0.0954292606730153
finance_enums,0.0473809238035198
universal_wallet,0.2748007986374438
radicle-source,0.0629125514429556
deterministic-pgp-keys,0.0797858612788299
samvadsetu,0.0642002513549376
kafka-topic-analyzer,0.0701199594100119
clingo,0.2706959452143924
scte35-reader,0.1413947706823978
sbp-settings,0.0895627251508824
callysto-avro,0.0553150183812601
falcon-raptor,0.0507122458468845
gg_namecard_gen,0.0719224339456302
ok-dns,0.0484079827893897
orx-iterable,0.4515683082999348
minicloze-lib,0.2219001195576742
pentacle,0.226856631521503
hostparser,0.0676517738153072
pdcurses-sys,0.4960742506127293
mlvm,0.0561227506778504
config-more-formats,0.0513833730995466
tsgen,0.0615165325809414
nls_term_grid,0.0699044843395589
modrinth-api,0.1816861252917896
simple-sds-sbwt,0.2310227607100533
pushr,0.0740968573448516
pixelutil-image,0.1491265354742394
pgxn_meta,0.0862309583378007
bsync,0.0507937138827174
milkshake,0.0857219982276258
boost_numeric_conversion,0.2247878945304754
binswap-github,0.0898166827506754
tooters,0.085306533408087
gos,0.0815248425517832
vqf,0.0719998009370281
strudel,0.0790154923004314
openai_bootstrap,0.0692302047240746
dynqueue,0.2116263895761714
aqlgen-renderer,0.1627343247040449
laps-rs,0.0559017613461738
ubs,0.0539423753276326
uni-gl,0.2361844611606264
vincent_blur,0.0530899389909664
cargo-manifest-proc-macros,0.211849983844703
serde-bytes-repr,0.3512586618684903
dml-tools,0.0597443714886939
ansi-to-tui,0.6937732495369368
aeneid,0.0639129815870998
eunicode,0.1683404421774694
woab,0.0774388520039671
dft,0.4418088584499141
junitxml2subunit,0.0456656547646639
modcholesky,0.3623338948080857
fluxy,0.1046591202433186
compare,0.6014003616725296
csvpp,0.0897660696514193
doublecount,0.0922287764580977
upgrade,0.1720363321414603
boost_core,0.3951439733343101
enquo-core,0.0776974187165097
fvm-std,0.110400453552295
zip_structs,0.4581666408229571
unleash-client,0.0754474033455412
cargo-cvm,0.0764104702984895
storylets,0.0646205828011301
event_iterator,0.2024211938291857
epcexplorer,0.0502294409576333
metadata-gen,0.2022342424669499
bibleref,0.1069929300622084
extcap,0.0500480151899986
binator_utils,0.1017452148084335
bunsan,0.0943881513232257
bbscope,0.051791089440904
syn-ext,0.3453484586173196
gemblockchain,0.0991060563279185
nu_plugin_id3,0.0616927630452521
artc,0.0484965250339489
faketime,0.0873924560499198
rocks-lang,0.0545601532035938
sqlx-postgres-interval,0.066036644500364
vaultwalker,0.0834385765528974
map_range_int,0.2723332580620933
brb,0.2566445902611878
duckup,0.0692754945664892
greencurves,0.2341958894425519
bevy_dojo,0.0639174704643657
angry-purple-tiger,0.1185910701069059
kodumaro-clock,0.058166514575116
spectre,0.070872923025098
talmudifier,0.0753595318463969
serde-metaform,0.1160617705843185
imbak,0.0749691130677839
dco3_crypto,0.1983687227300077
fiemap,0.3207041860194842
telemetrydeck-wasm,0.0751038523308711
leftwm-layouts,0.26399443541193
shellwords,0.6282641618923117
archiver,0.0927143482536866
rusted_cypher,0.4974272025504125
lossyq,0.18067075424937
artnet_to_opendmx,0.0621572567726813
hawk,0.4046584265587876
oauth-certs,0.0768855355566051
either-slot,0.0424192531756248
seella,0.0803677626571452
cdp-types,0.2012193544108098
vlung-analysis,0.0373968462016325
indexed_json,0.0869460867834178
html-builder,0.2523227870012793
screeps-local-visuals,0.0535418253118161
pushd,0.1315272761640597
path_facts,0.3289969345581017
holochain_logging,0.3434170368796864
atlas-idl-schema,0.0632468777104086
mockpipe,0.0594409636369784
switch-resume,0.2534512676387344
kmail-alias-bot,0.0730268784944769
half_edge_mesh,0.0894797112298299
midas-client,0.0945468584919672
local_ipaddress,0.4270521492973915
kill_tree,0.3775887478803246
softaes,0.3503558408252046
esp-synopsys-usb-otg,0.5554583894607114
cauchy,0.6663272038873473
delta-sharing-server,0.0409007721552641
lakestream,0.0627419825364419
cogs-gamedev,0.0668285548704586
circle_api,0.0529105242329941
mdbook-echarts,0.0745296089366498
vcd,0.4135763070490567
pi_rust,0.0754973057374362
signalrs,0.0772187870532339
ffforf,0.0449973507697943
gitrevset,0.0572655478214426
yttrium,0.0486366476089494
hecate-turtle,0.0460235514696144
bevy_svg_map,0.0510537180436208
markdown-linkify,0.0721979672029716
migrant_lib,0.3446420588350999
aom-sys,0.582163010320889
wasm-startup,0.0856164739293684
boost_range,0.3064651311915964
abcperf-minbft,0.0688316711406338
storus,0.066036167165773
blockset-lib,0.1046297467377845
lazy-motd,0.3073652047132504
bund_language_parser,0.2805835603891728
jfs,0.3527274164556041
datefilter,0.0454985201866449
ft-rs,0.0555322975056197
deno-transpiler,0.2386450504412662
cursed-timer,0.0778718016247057
pai-macros,0.1295482486838752
compose_yml,0.1908868938767691
jqdata-derive,0.1343574313473745
wfcache-api,0.098978714752266
linkleaf-core,0.1348003214501701
simple_moving_average,0.5525449453693929
sway-analyzer,0.0705086087079503
wordfreq-model,0.0453259716768608
brevet,0.051553916160115
osaka,0.2611346926037897
serde_closure_derive,0.3565056246075828
tauri-plugin-android-prevent-screen-capture,0.0611217402106309
tokio-tls-upgrade,0.072495914366057
aegis-vault,0.0812085357126834
case_insensitive_string,0.5258498061420541
dockerbackup,0.0764844547736641
rps_paijo,0.074493646061807
atlantic_client,0.0833853302519933
encrypt38,0.0595968337301337
cmark-syntax,0.1663236879415927
midas_fetcher,0.0859761551695642
sequential,0.0755039072064131
sway-scratchpad,0.054577447926925
aws_event_stream_parser,0.2705168002465168
derive_default_builder,0.2445981934812963
dzi,0.063461489117165
xmlformat,0.1434408442600429
by_address,0.7001321850905345
aliyun_sdk,0.0588867230851459
network-manager-connection-action,0.0620282029991953
gps,0.091311048491508
apollo-environment-detector,0.3688740856570111
html-compare-rs,0.1219033010706255
vim-profiler,0.0558701802939873
podmod,0.0563744807537531
fm-script-client,0.0771385368048062
tlrepo,0.0433588818692964
shared-files,0.0971386843622075
rs-ints2arrow,0.1363246916319998
chill,0.0855872173376702
bitranslit_derive,0.0668699205781119
core_detect,0.4278235095852487
maildir,0.3998761482351802
gchemol-core,0.3527337761628829
quake_serverinfo,0.2188297843539966
mpl-utils,0.4954055690055273
oysters_client,0.230929946481027
skimtoken,0.085117173198584
razer-naga-2014-key-remap,0.0483371974048343
prax,0.0478988177348842
shift_or_euc,0.0575829155829691
io-keyring,0.2160921483080023
storage-client-interface,0.1097740957931828
rbo,0.0424488610253899
star-scraper,0.0828363702190016
num-lazy,0.2177874572426789
sqd-portal-client,0.2741307038742558
mcircuit,0.1030750056261351
intervalues,0.0784585878856021
slice_math,0.2474681165887461
lora-phy,0.1051794698372079
matricks,0.0857741711726242
image_search,0.0833482599169657
hext-boards,0.0671514094692897
cordic,0.6094451567746006
pkbuffer,0.3299682311458378
cfdi,0.0428468501916156
kaos,0.2266571429639325
tauri-plugin-keepawake,0.1011179131314653
palkia,0.1792119396302127
tev,0.0709276442150709
dhcp4r,0.2685441015871292
tf2-enum,0.1490380384828816
spdi,0.050786690043407
attackerkb-api-rs,0.0633414357106271
zedis,0.0512277815170278
hm305p,0.0414285814807987
winnow_datetime,0.2879805051154853
reolink_api,0.0505726747524103
ansistr,0.1087524204077597
tsdb,0.0563778395215426
solid-moneymarket,0.1727836248519599
dynimgen,0.0473175032615704
tldrx,0.0554884849485393
bellpepper-core,0.6095298652942743
broomdog,0.1768924766882285
biconnected-components,0.0905971277323235
iota-validation,0.2385952437285571
beastlink,0.0482822230011105
gh-spray,0.0626595294288483
confetty-tui,0.0720212635776351
ms-teams-ws,0.0510935681663578
satsnet_slices,0.0893927862306068
slash-formatter,0.3440654344754075
dynamodb-expression,0.0954966300030008
seabird,0.0789918131093975
gstest-kits,0.0781781386121491
postcard-heapless-compat,0.0420294278148026
gh-rate-checker,0.0430020609193432
aliasable,0.7219133651912826
bund_stdlib_analysis,0.0860901397705609
metrics-scope,0.0936826219788769
coe-rs,0.4743295155107989
progitoor,0.0412259176446161
darwin-metrics,0.0800162404906668
haystack-client,0.0657380579889864
glaciers,0.1098263271659113
version_middleware,0.0587379456112233
com-policy-config,0.0673068449301702
egg-viz,0.085573335357623
rhuffle,0.0491459046222308
explode,0.1907955516725876
libsql-client,0.3355318917791498
merde_json_types,0.0631355487752244
pico8_decompress,0.069225196226749
flashloan-rs,0.0827886298280207
spirix,0.1737787089863905
rvpacker-txt-rs-lib,0.1034239900571539
aws-local,0.0508468134369192
rofi,0.1639444003992796
wikitext_table_parser,0.0795978809348759
marmoset,0.0561382511992136
debot_ml,0.1413012171980936
solana_fender,0.1004870235357236
twlu,0.0389289430301364
petgraph-evcxr,0.0663169241061463
magnet-uri,0.0835662405832873
serde_json_merge,0.220742189958063
median,0.081461834074773
sleef-sys,0.3785637252004239
columnation-master,0.252945012092335
score-tracker,0.0492982469158444
envpath,0.0586593503842866
anubis,0.0490855236853179
worterbuch-cluster-orchestrator,0.1111665524913229
dux,0.0731864512762126
cee-scape,0.4201156104017289
ark-zkey,0.0678834885182214
boulderboard,0.0369530618463887
scrbrd,0.0821167966850898
harriet,0.3041779543491031
pretty_rdf,0.3390495013183371
copy-cards,0.0669313522867633
web3-signature,0.0722681021724579
caco3-web,0.1003477167469677
vcell,0.7255109480862815
rolling-deployer,0.0762062494740656
appvkek,0.0604632211513308
kueue,0.1175895693939602
mtcap,0.0622929463102509
libccp,0.057869523490493
rhai-ml,0.1135739635980388
ably,0.0657458887887058
sbbf-rs-safe,0.3984894215986125
anchor-chain,0.0900084699220194
panic-reset,0.1122306388154161
dot4ch,0.0906483850653044
range-parser,0.2159516569457719
axum-toml,0.0456904453105955
block-id,0.2860284346915957
serde-encrypted-value,0.217840909560221
substrate-deps,0.0566944941125561
screeps-room-regions,0.0384661876973583
macos_keyboard_remapper,0.0713124450504776
rate-limits,0.0613703719749568
curie,0.3975189737478229
sigma-types,0.1552037054871582
clash_rules,0.0893480741213788
esp-wifi-sys,0.4589522040647514
serenity-commands-macros,0.1390993378754233
cggtts,0.3159609802981706
irx-config,0.2567438434889846
gnip44,0.2794532090222111
maybe_path,0.2864794164170518
maybe-once,0.1495564118171572
tonic-veecore,0.1881016027106894
nu_plugin_roaring,0.0762298634595861
forged,0.1089777685510093
zeco,0.0979347417562074
genomap,0.142140187366502
es51986,0.0452720929683179
data-plane-api,0.0916316985175016
chase,0.0523670541664986
kioto-uring-executor,0.1049467778956609
boost_iterator,0.3278369709547749
axum_l18n,0.0479588330342
packed-char,0.1046951988338422
rustwtxt,0.0659664461701264
glow_glyph,0.4082917988892889
rusty-llm-jury,0.0461576691797581
proxy-twister,0.0965072980678631
hs-bindgen-types,0.147381605999866
bui-backend-codegen,0.1121030859431661
aem-eye,0.08955483438176
ocpp-csms-server-sdk,0.0990152884313951
fc-consensus,0.1577064361005362
ttaw,0.0741085577063761
geogetter,0.0804490074611535
meowhash,0.1850999010934359
cot-proto,0.0725558806956489
med_cli,0.09724190679184
move-readme-generator,0.0619930000655908
arweave-sdk-rs,0.0622501872234187
clinec,0.0489233964685618
cfdp-simplified,0.0392544332442406
lotus-utils-texture,0.11792053876338
secret-keeper-prompt,0.0800045404024897
mmi,0.0992094466429812
cucumber-trellis-macro,0.0384653286964155
rc-u8-reader,0.3462934038770184
cargo-ease,0.0620056877988315
eimage-core,0.2838040654116773
tide-validator,0.0516022477698426
seedwing-policy-engine,0.0610555283395959
norgopolis-module,0.074468867101561
orx-concurrent-option,0.2332672974764788
sumtype-macro,0.1675456360199501
rocket-include-tera,0.2583806424255666
nb3_import,0.0433275006411337
crosstraffic_middleware,0.0631752364145456
ethkey,0.2129338070702593
viewstamped-replication,0.0607890532414439
docker-pyo3,0.2332847227486241
clouddns-nat-helper,0.096698049160234
potd,0.0627701082415389
jmap-tools,0.3232003071356581
vdtfont,0.0503114876406853
morge,0.0629451694518342
cargo-sanitize,0.0412991457253312
tiny_id,0.1988428694754958
wallpapergen,0.0763495746228097
spc,0.0519526845724149
expjobserver,0.0786869570063298
lz4-java-wrc,0.3225684036333287
multi-line-stream,0.1078731415325957
chrony-candm,0.2951343500557102
tokiotest-httpserver,0.108425742814425
nbd,0.2845275017142758
dnsbench,0.0676889399678211
ipgen,0.2423043359139918
twyg,0.3433918298128213
rman,0.0685487622270624
sentrystr-collector,0.1615664562666202
rayon_logs,0.0528911997689662
indxvec,0.4098878260893171
slabigator,0.2601097975861755
pow2game,0.055130939612666
credit,0.0735068324298845
tauri-plugin-android-fix-font-size,0.0740601568120975
urlmatic,0.0773275483240305
sp1-solana,0.2569177840036234
dehazing,0.0617211392301599
wslpath,0.3653177603554471
tfiala-mongodb-migrator,0.2648588343918318
avr_delay,0.0987716611161272
gn,0.0684365539074053
imgui-ext-derive,0.1415473974852793
agbrs_flash,0.061616999649699
wasm-utils,0.0819491188895578
hssp2,0.0639764626100597
log4rs-syslog,0.2732282571001093
pubport,0.0869925384183453
shell-string,0.0517322427415288
kfn-rs,0.0723176093747821
bevy_simple_subsecond_system,0.1267321990797773
avian_smart_damping_plugin,0.0480256978376533
arxiv_degree,0.0469474971322143
hookmap-core,0.1385978313438028
hc_crud_caps,0.2706559414451071
cox-hazards,0.0830424110817484
wazuh-client,0.1041365379555555
bismuth,0.0777642183490727
default-boxed,0.2992783272248654
z85,0.5986819967730058
associative-cache,0.5017543623529135
brchd,0.0541093555114955
geotrans,0.3330339767066312
tokengeex,0.0823735441082366
sfv,0.6854324739701367
rs-zips2meta2rbat2stream,0.1061466564479002
stof-http,0.0917769862199334
bno08x-rvc,0.0469492913430426
http_reader,0.0671599297532458
core-services,0.1547358401378564
curltainer,0.0443368085973666
ssm-tui,0.0848715843909981
pgdump_toc_rewrite,0.0583300308076598
bigpanda-rs,0.0429170179445673
tinymt,0.0794942248753384
subgraph-radio,0.1066756732589967
vectum_lib,0.0458161237439589
comma-separated,0.0866299865970197
pai-inject-so,0.0504274704369335
openexr,0.1517646546664415
coolq-sdk-rust,0.0703789726174068
local-or-heap,0.1515588095109569
tiny-tools,0.0696459664518537
elba,0.094415515432572
uribo,0.0514415101236502
libpasta,0.0801371155896359
ansible-vault,0.3045599585378469
solana-mint-fixture,0.0705870277539469
ic-vetkd-notes,0.0523153347034612
oembed-rs,0.1132728899066331
cli-proxy,0.0915130705439457
uvm,0.0884007422297125
egui-modal-spinner,0.0651516097454669
sig-bitmap,0.0480377946928984
bubbletree,0.0530595417313546
c3dio,0.161869172889943
tello-edu,0.0640295131611686
aspect-weave,0.4817161106007805
gibbon,0.0710265770772976
eth_gas_bot,0.045652338595443
senders_receivers,0.0463363544158328
lexicmp,0.532165672177974
smartcar,0.0988571334952554
sorensen,0.0384871663404282
meatpack,0.1817479632691341
include-repo-impl,0.0621126437688426
platter,0.305273214905123
stomp-parser,0.1829276842447824
rand-utf8,0.4383402885351831
clade,0.0527552698998769
cratesio-dbdump-csvtab,0.070354177003974
midas_processor,0.0792691318774778
kutt,0.044458262315898
bevy_mod_debug_console,0.1203935964976596
tauri-plugin-persistence,0.0876913116403639
mnm,0.0754727392070309
pathbufd,0.3286507149022626
rofl-parser,0.0523916405401762
nreplops-tool,0.0843271589296554
rfs_test_macro,0.0891520669469035
sarc,0.0571959382978325
freebsd-geom,0.0671629663399851
impostor_core,0.0866830109684186
content-blocker,0.0596881172961577
guts,0.1911226321266966
jsonwebtokens-cognito,0.2231013407136846
ggez-assets_manager,0.1100208962580352
rvi,0.0542676122091477
bundcore,0.289613648812093
velocity-tod,0.0568320029763078
sqlx-cache,0.046878811635752
bill,0.1529237705646151
sndcld,0.0574903763817725
pyrus-crypto,0.0592483657853397
rmg,0.1197117770060827
rustupolis,0.0903657042130467
jetstream-oxide,0.224145122686378
minus,0.6392557096910024
confi,0.1809232188049857
lakers-ead-none,0.0380864537168081
examination,0.0981694090082696
gen_alpha_dictionary,0.0659284289858801
geph4-exit,0.1265324011218623
mdurl,0.4798858909297053
flood-tide-gen,0.0572368340806508
update-notifier,0.2100634267191461
srad-eon,0.1370081089046921
filigree-cli,0.1000438181389806
eml-replicator,0.059945303134291
kgst,0.0649438890183133
brb_dt_orswot,0.0532718533644964
hikaru,0.0518552829205008
id-alloc,0.2338498711609584
derive-into-owned,0.6432439632719639
urls2disk,0.0497919147071754
p12_polyfill,0.080254386861443
firefly-iii,0.0845215855482265
lophat,0.1277406042307322
rustronomy-watershed,0.0744293001372238
szurubooru-client,0.101294671026103
life2pi,0.0440250887811327
eos-eapi,0.0461559459558889
rusty_weed,0.0688730061709444
listener-radio,0.0773787896618593
gloo_macros,0.120354616638242
teatime,0.0770738728303843
fortnite-api,0.0649423714828049
midgard-rs,0.0765616172355541
browser-info,0.0838262789165382
snmptools,0.3201123876372992
substreams-sink-core,0.104825084066214
hex-slice,0.5069821309901685
bambu,0.0687561318001348
vapor-cli,0.0782234118549409
book-of-profits,0.1128381549618497
gosh-dataset,0.1494449164143176
libpwquality-sys,0.0857240415797861
caliphui,0.0462428896662586
rnm-3d,0.0504859559617796
hotmic,0.219664700753357
gifmeta,0.0732536452252842
cmd_cachier,0.0904942263081566
async_bagit,0.0374916864422358
pe-unwind-info,0.434852390593705
zoha-vte4-sys,0.0938530455615738
terrasound,0.0778789923269488
paho-mqtt-redis,0.0652670128686625
packfile,0.0643956406685778
lium,0.0521626178277246
serde-human-bytes,0.3089671036379984
prefixed-tsid,0.1013110294696503
filename-refactor,0.06789143311332
etcd-discovery,0.0740896875168628
h264-parser,0.2152583541354824
is-musl,0.1244706102432402
uapi,0.4571052047471368
amka,0.044612980737361
nix-shell-locked,0.0468418376633104
maybe-dangling,0.263854981951573
ddnet-map-diff,0.0546060828468348
binsync,0.0676264907989977
unaccent,0.3372124616060568
awsm-env,0.0946112234767528
ghakuf,0.1114482640040732
asciifolding,0.1749303161797127
gelbooru-api,0.0738378994391074
ralertsinua-geo,0.0724897162157814
aglet,0.0827187746864371
v8_valueserializer,0.4647220064030423
variable-len-reader,0.2579261307567691
static_aabb2d_index,0.258585135302872
up-cli,0.0551500330466208
async-log-watch,0.0738438869698051
mmft,0.052435040723571
libnspire-sys,0.0990058913024009
quickcheck_async,0.1501175121635152
pose3,0.103383120182997
ipcheck-rs,0.043620272159703
dynisland-macro,0.1709087150687192
hexfloat2,0.399322761905549
tiny-ver,0.3332111448485407
unicode-security,0.5514135547581939
validate-ro,0.1040228641520226
distributed_control,0.0594309734039139
ig_trading_api,0.0941944977603998
mocktave,0.0761576602216742
git-shining,0.0682744442121739
typora-img-to-base64,0.0623115880318252
sidh,0.0484984742125199
dockertest-server,0.0843186892453964
log4rs-gelf,0.0627749702091986
cargo-pros,0.0662151874924706
waze-rs,0.0534710068809122
std-reset-macros,0.1126841074615619
bytes-utils,0.7999732744269399
origin_check,0.049107244881109
xc2bit,0.0811846680453739
thread-local-panic-hook,0.203276283226848
restify-core,0.0979979768556076
timeout-readwrite,0.4122273311023381
ticker-sniffer,0.1646964433247707
maybe-rayon,0.8068407513887634
superslice,0.496799396547092
horntail,0.0675844191487003
wasm_dep_analyzer,0.6390294344374395
zk-citadel,0.1529000718457062
chownr,0.0546961894767733
qif_parser,0.0550321090012314
shrink_fit_wrapper,0.1299394600769377
eth-tx-manager,0.0713322371504058
pg-extras,0.1110439543312018
rgp,0.2548080508743157
bitstring,0.6367516551831924
wormhole-solana-consts,0.2231754099784292
simd_cesu8,0.35315769654174
slicur,0.2013221881543881
twitter-stream,0.2636370413283729
npm-parser,0.0689205883409662
nettfiske,0.0771325463869571
toledo,0.037953355971144
smooth-buffer,0.1020894566458641
synthahol-babylon,0.0384235574324411
epp-client,0.0704438541256991
include_data,0.0652277053490852
netupi-core,0.0827853249903583
position_preserving_moodle_question_xml_edit,0.0381972134558754
cffi-impl,0.2544154278834092
cubix,0.2798152025995547
async-nats-flyradar,0.1125162569288756
financ,0.0623292249803997
friendly_id,0.0951217359090741
constmuck_internal,0.1889687307490639
systemd_client,0.179258049399131
mini-rxtx,0.0422269699602268
pdftrim,0.0659059585013765
rido,0.094292084983142
stress-cpu,0.050215846790282
pg_vizurl,0.0447757134406252
id-pool,0.2028408730776564
teo-sql-connector,0.1293407531170957
innisfree,0.0967224747964016
sheets-diff,0.2679518540729868
howfast,0.078219097945314
block-grid,0.1606483261994818
wled-json-api-library,0.1999128276336908
maven-toolbox,0.0438160273484175
scalpel,0.0775954994891695
cargo-gui,0.0642236066356603
globals,0.3655981159226129
egui-dataframe-sample,0.1019615926949527
unc-jsonrpc-client,0.3786918125760363
bitmask-core,0.1186569254502363
skynet_api_task,0.1033206099408069
frame-header,0.1752483685523546
fdk,0.0479993222285208
fsm_gen,0.0623007453371221
misc-conf,0.0466360557117482
mdbook-merjong,0.0516798111002221
asterion,0.0473590289734802
podman-autogen-api,0.0787385528227236
libafl_wide,0.0476584844053919
tai-time,0.3480863128947081
cargo-env-run,0.0737243353997188
ufmt_float,0.1647475315491068
service-locator,0.0442310499606534
xunmi,0.0851928694829488
contact-tracing,0.0430986813565534
hadron-client,0.0591145199094454
finance_api,0.0784553125629767
cargo-zproxy,0.0574251182524263
adobe-cmap-parser,0.5512549700414486
weldr,0.0683033570039983
cloudwatch_metrics_agent,0.0854208203352656
perdix,0.0753802146296266
syntesuite,0.2301128944681164
rspolib,0.4223448852645344
rfs-runner,0.0595324161839797
simdty,0.2613217775879731
airplane,0.0627511783418633
sdl2_image,0.0945878258055269
bai2,0.0555892803426702
tailwag_utils,0.3308290513574963
picdl-rs,0.0667305906493624
sift-features,0.0610867801046015
bpf-script,0.1096159471148993
string-auto-indent,0.0848807053828555
configured,0.0904119278288002
starkdev,0.0591486256907199
rs-pixel,0.0649205010146105
ktx,0.1867651732618874
push2_display,0.0966201860008805
forge_move,0.0396382851909922
nu_plugin_cassandra_query,0.0562269176904425
wallexerr,0.1979333748110377
vswhom-sys,0.3936401930581267
specler,0.1307996413557725
random-tag,0.0704146693584206
impellers,0.0508386864500537
pandora-interpreter,0.0838500107035816
flamewire-bittensor-indexer,0.0818000804129904
omango-util,0.1772837315464709
proglog,0.1719345423470264
medea-coturn-telnet-client,0.0782728410561834
ruuvitag-listener,0.0756325167948317
tonic-side-effect,0.2720958917940012
mayda_macros,0.089913615867241
cavestory-save-lib,0.0406181877606856
gaussiant,0.068406122941367
ianaio-dialogs,0.138438847768488
tinyvg,0.0578832056157343
sky-color-wallpaper,0.081063067690805
digifirma,0.0461228587379251
bak9,0.0495892043685306
resalt,0.040919774764897
git-break-commits,0.055495823549563
getimg,0.1178222012419362
telescreen,0.0457709553892682
mkv128-kw,0.0934368911482376
no-comment,0.0661595220081727
jrny,0.0663058393812627
remotefs-kube,0.2437405679782326
npy,0.3370484910407433
flamescope,0.2938212393750058
cargo-rootfs,0.0764931210803456
hexser,0.1981623419407213
subhasher,0.3051609297896611
flare-rpc-core,0.0599860012094663
hatter,0.2425458309450441
disabled_contracts,0.0804840482433103
vcard_parser,0.101524660427415
transmit,0.0574941809856592
inexor-rgf-model-trigger,0.1683344190626952
kernel_guard,0.3917630796973415
curlall,0.0436515179952387
asm-delay,0.0685558106836309
arl,0.1323136850433104
filego,0.0764536255743465
cc_transaction,0.1098422000601195
sagoin,0.0832125793515966
rgbe,0.0528403064485634
story-tracker-cli,0.0934575061830719
notemancy-core,0.1719334304434336
gnudb,0.0590505250805952
maybe-multiple,0.0448142953279536
secure-squads,0.0950173180359796
broadcaster,0.2831877549907309
protondb-check,0.0751088199445549
latex_snippet,0.0549400059549822
via-rail-gtfsrt,0.0946044477934764
linebender_resource_handle,0.6808135131657799
dragonbox_ecma,0.534453327433729
chainlist,0.0780255578931393
rieltor_parser,0.0672090626827517
ip,0.1984873442437233
tracktorial,0.0676588612528401
basic-text-internals,0.2690707626883339
rscam,0.3240913056756493
profiler-get-symbols,0.253340399563821
mirams,0.0538990548246133
run-this,0.0462287105510298
snailquote,0.5920286881608084
repgenerate,0.0708326591002308
bevy-rapier-baseball-flight,0.0652473594111237
asserhttp,0.1256627769587036
err-into,0.213258052557742
castled,0.0705687565680441
git-ibundle,0.0579946109315033
pools,0.0749529120079801
camgi,0.0668300452193181
streamdeck-homeassistant,0.0548271305307022
async-zeroconf,0.1640299546570138
sn_bls_ckd,0.3871098197971627
tuxedo,0.0996893026415564
tiny-curve,0.2974624788621828
chiron,0.0893585061558477
near-self-update,0.0767052189189071
json-deserializer,0.5791549207734857
ds-heightmap,0.0521565684969682
ioc_extract,0.0871408094598558
papertrail-downloader,0.0466302397833302
check_urls,0.0868205289615327
imghdr,0.1807471175371413
rdf-canon-elevont,0.0656344003155433
pfxers,0.0537038173602024
infer-mli,0.0502110111915084
pg_lease,0.0674105625936964
payu-india,0.0423358576797881
cernan,0.110448033724206
mzprof,0.0792700340518802
hackfn,0.0971364624515558
hibachi,0.0932528106755693
streamflow-timelock,0.0743797328396545
setjmp,0.3049975641360894
tyupy,0.0697765902181533
mongodb-tui,0.0448038786058633
solarti-anchor-spl,0.2062546401937978
mdbook-hints,0.0767932773867267
ysv,0.076024101263079
hornbill_apilib,0.0536447638174906
fast-umap,0.0673192725670395
freezeout-core,0.213633952736528
ndarray-csv,0.504113518140625
cnfgen,0.2710561016194149
filmreel,0.1759159457934743
arrsac,0.1328368267740946
batteryinfo-py,0.0622445989847178
clf,0.0832749017967845
event_parser,0.1121805331230696
genfs,0.0584111578265002
waketimed,0.0679664545688786
mintex,0.5977068420458308
ktls-sys,0.2565929225186307
mimosi,0.0626815570464296
derive-partial-eq-extras,0.1991613250069237
suss,0.0588271809022484
lcs-diff,0.2531765633727502
rocfl,0.1226910863864017
edc2svd,0.0481530388885471
pconvert-rust,0.0991396586872349
siera-logger,0.1926163701701536
volition-search-server,0.0534326843228882
mac_oui,0.192147186276377
patlite-beacon-serv,0.0674823061778416
smsaero,0.0702823328826069
goa-oauth2,0.0499528449152201
rat-input,0.1647551278089377
guzuta,0.1031098851188224
hybrid-indexer,0.2150419794489896
rmw-utf8,0.0854756523388498
krossbar-hub,0.0766510644772938
boost_tokenizer,0.2117513970392872
confu_derive,0.0838541349615992
ruffbox_synth,0.1646293993336869
geopagg,0.1727039464161585
systemd-wake,0.044725639999103
renamore,0.2340727483074524
synchronized-writer,0.2535139928541761
argo-crds,0.0584796459629109
selthi,0.0789263358660356
scoped-trace,0.05570002511423
sparklepost,0.0821449727927075
i2c-linux,0.4003785766414083
rss-actions,0.0631896079157163
xrdb,0.0816023341800395
google_material_symbols,0.0784653953608407
bitcoin-blk-reader,0.0618763699983939
menu_glium_api,0.0890350449297096
vauth,0.0664582484703863
walrus_rs,0.1783815634975735
serial-embedded-hal,0.1878328638290543
umgap,0.0692331963126475
heterob,0.1994867840838678
serde-hashkey,0.5135227659539977
readme-sync,0.0574885349315598
ripjson,0.0645362084400392
static-regular-grammar,0.733871691369839
filey,0.2334924415027003
tefi-oracle,0.045481822344681
seeip,0.0978328444665243
mifi-rs,0.0494411437810975
now-cli,0.0428560543575254
ifu,0.0658744607338129
ibcx-test-utils,0.074108359965459
owlish,0.096162824516152
pluralistic-rs,0.0401316681084652
xlsx_reader,0.0828484507380937
repub-rs,0.0729106690268914
interledger-ccp,0.2595484029566313
aberth,0.0799128852755919
goran,0.1013038773678265
docker-compose-runner,0.0747973091850512
qcoin,0.0693533005544364
fiscalidade,0.0881597036252543
async-graphql-logger,0.0715912196182314
tiberius-mssql-broker,0.0520347369932317
voxel-tiler-cli,0.045281350500241
eggsecutor,0.0479470033438769
orbiter,0.0986657468016468
boost_array,0.2796615853927282
inkspect,0.1047514003046142
go-flag,0.3952475315290454
split-yew,0.0588311022710549
tiberqueries,0.0882172984264946
psi,0.0585007778824383
multitool-hg,0.0828339096515247
nof,0.0816059308265972
rpsp,0.0882083781830883
cqtool,0.0377404063640864
rperf,0.0982633513096465
iter_accumulate,0.0798613700575001
unix_mode,0.4194836128578798
webcryptobox,0.0888051861417531
reclaim-rust-sdk,0.0417145934056315
mdbook-fix-cjk-spacing,0.0435055033358946
mace,0.0842801648964496
lifecycler,0.1010637127328396
io-extra,0.1165406556294819
xfeval,0.0481859293468572
rathole,0.1820154631016784
hltv,0.0695609591102248
clippy-reviewdog-filter,0.060745246353737
tuple_split,0.1837876729748553
bearer,0.0625193120545974
spo-postgrest,0.105825059213345
deepfrog,0.0451578190836892
acridotheres-3ds,0.0598085728630867
dashtool-common,0.1148915595259413
jod-thread,0.5641355431100378
cc-taxii2-client-rs,0.0478663375376784
yew_confetti,0.0716947806262382
safe_thing,0.0637234788591959
safemem,0.6069405368914972
bund_stdlib_text_classifier,0.0932825590502277
qsv-tabwriter,0.2685012114942329
cwab,0.1133649236181261
ogg-sys,0.35542418504974
zfec-rs,0.096492524283401
stdout-channel,0.0646399796114993
async-transmit,0.0647666493203049
falcon-z3,0.2052330326772095
parquet-flamegraph,0.0475716801916694
audio_device_tester,0.0428961228699083
llama-desktop,0.1159239939319092
libpobsd,0.0788357494744325
dynamodb-tools,0.0839879411769595
bresenham_zip,0.0469547800322549
roux-stream,0.0509368043189389
upextract,0.0479700388283634
texp,0.0764024299916328
sparkle-convenience,0.1047712740906212
pydep-mapper,0.0985984049698526
projvar,0.1598214792462822
aflak,0.0486325468703207
wotbreplay-inspector,0.0692013685708053
term_rewriting,0.1385402614388576
xous-tts-backend,0.0735655668977524
wot_datfile_parser,0.0717338367384805
bevy_startup_tree,0.0906228142122951
rues,0.0812611757706061
repo-analyzer,0.0660296185344379
fast-bernoulli,0.0451139430385211
ecs_metadata,0.0435311103521088
blobtk,0.1212893597938211
screenscraper,0.0624902075648635
ntex-polling,0.3899946005060919
mosquito,0.0443730862142054
nbcat,0.0712568822476612
bootstrap-ht,0.0393034888692729
lava-api-mock,0.0665916063746315
americas_capitals_game,0.0407478310059586
mycelium-api-test-svc,0.136183921925433
synthzip,0.047589400750428
magnet-url,0.3690746667087413
waifu4me,0.0870349771399644
logone,0.0920718948347669
xenon-webdriver,0.0593486958220026
byre,0.0843530122089985
specds,0.0560072708209363
stablediffusion-wgpu,0.0725369005213627
json_comments,0.5404419350078495
grpc_logger,0.0875670558815293
mineflake,0.0767524624440323
punkt_n,0.0804904393971986
minireq,0.0995524254743652
fey,0.0479806325344781
ietfdata-rs,0.0757842067252557
sumi,0.0617531401569313
glazewm-extra,0.0831911738909746
midstring,0.0526180374384799
rust_to_dtr,0.0857786659552407
rusvm,0.0461091122231317
winston_proxy_transport,0.2191848744965738
kwr103,0.0856557226367208
sn-releases,0.334873980438873
age-plugin-hpke,0.1182223707413653
libvisdesk,0.0771292369619183
pulldown-cmark-ast,0.149318631751462
escaper,0.3884935753484607
egui-multiwin,0.1626458786648826
douyin_sdk,0.0835023597387389
regex-chunker,0.0461882669816713
discord_interaction,0.0661328606605199
safejar-cpi,0.0380142938269902
standback,0.6031557229150618
rust_c3,0.0657095996914154
ipug,0.1217110114469786
swar,0.0820739465113703
scalop,0.0575159862465661
fen_cli,0.0628325337526652
nipdf-jbig2dec,0.1456036348648139
display_full_error,0.2634854344475819
osrs-wiki-prices,0.0505695969586424
fil_logger,0.3348940764259239
tree-sitter-integerbasic,0.1379737312953395
engineering-repr,0.2575107072119311
scrubcsv,0.0646501646528199
dusk-schnorr,0.2382638736901032
com-croftsoft-lib,0.1241175042509448
planning-bot,0.0861352550129968
fx-callback,0.0502395321280137
image_changer,0.0623486611296966
npsd-schema,0.0761571578181147
quixote,0.0826260651043045
yelp-fusion-rs,0.0804865570809936
wow_srp,0.1360268984071804
tracing-fluent-assertions,0.1088492908799137
trader-cli,0.0645285348682617
makeclean,0.1022289248937533
installer_lite,0.0519230098358691
acr,0.257057930032913
brcode,0.0741933978889228
psrdada,0.0463270053340637
mdbook-hide,0.1001700324284473
leanpub-cli,0.0424020711604252
array-const-fn-init,0.3863900720386863
craftql,0.0918176216543614
rustix-bl,0.0829721860287336
distrans_cli,0.109111832561744
canvas_lms_connector,0.0888039516399075
usb-compat-01-sys,0.1711651470900949
evoke-core,0.0865622927181736
ethers-abirpc,0.0771165414719596
swimlane,0.0448551439923745
b-table,0.2453297661456935
prometheus_push,0.1200201783686058
arch-token-metadata-cli,0.0878671168080775
egui-screenshot-testing,0.0642808911154439
impulse-tracing-ecs,0.0625247515639394
e114_core,0.068896808285801
slice-find,0.0972482478806315
vendordeps,0.0772390680964176
env_proxy,0.5723433088173779
tokio-dtls-stream-sink,0.2350725170235698
switchyard-fs,0.1446723002212781
barnine,0.0422444985024161
rocket_newrelic,0.0377223937504348
tauri-plugin-mobile-share,0.0874543782644609
vt3,0.1030308062777553
yenc,0.0868395374033517
symsrv,0.5349798574469609
freezable-trait,0.2954748470524184
silly-wat-linker,0.0523764203120552
llq,0.2748550554893934
kes-summed-ed25519,0.3345767740287995
intentional,0.2802232842645974
rattler_libsolv_rs,0.0471839554159739
aspen,0.0700546103656695
io-vdir,0.2037146661701922
wtfile,0.0411619732879303
klondike-rs,0.0717063465743246
abstractapi,0.0662913225746777
boost_io,0.3116946352528992
shared_thread,0.626083904222478
orm_mysql,0.103327518696969
glow-control,0.0763342160318292
jubjub-elgamal,0.3861929756410789
spidriver,0.1205601388821033
clap-file,0.1532123905662241
signalk-multidisplay,0.081957747241348
owotility,0.0347244381148903
lpn,0.058600873168149
tls-certchain-resolver,0.0398287741636923
deplorable,0.0571637537585535
scan_fmt,0.7360045932053086
hxcfe-sys,0.2231221926574959
malloc_size_of_derive,0.5467452181718411
bashdoc,0.1034460901298062
you-must-conform,0.075259841694886
homeofficetracker,0.0726444181722944
sdb_macro,0.0478514598324752
hundred-doors,0.0340178027750057
deckbuilder_eng,0.0575687581019725
relm4-store,0.1836763146984599
generic-upper-bound,0.0738827497505867
icemelter,0.0795341311477152
libpefile,0.0414452783420268
shitpic,0.0433976379530795
ya-sb-proto,0.3367096436959781
ndarray-safetensors,0.1522041296743239
stemma-soil-sensor-embassy,0.0491718840024523
axum-health,0.1116605661699454
mdbook-numeq,0.0741177221421944
workspace-gen,0.0791191874106922
inigo-rs,0.1356560784890668
tlbf,0.0651955541406407
mkrepo,0.0492351412332305
esp-idf-part,0.4902219360073664
ripeatlas,0.0457976002890873
lc3-rs,0.0703500233579892
frclib-core,0.1022222887670557
brrrr-lib,0.0919831664701337
terrars-hashicorp-random,0.0642234090486052
pawdist,0.0871538130760025
asciirend,0.0751569830757456
pairsnp-rs,0.054536542641938
brokerage-db,0.271478508162808
sbh,0.0424354594455907
new_debug_unreachable,0.7679644969579302
tcp-channel-client,0.1991024824747991
openalias,0.0622144218515631
fftviz,0.1025472470087494
glium-typed-buffer-any,0.0530500813939714
biscuit-cli,0.0967332682388331
parse-monitors,0.2611114815766238
istring,0.5145261445991431
poem-spa,0.0566808567391502
shell-compose,0.1425687655865039
deno_tunnel,0.5471072465943988
ghbu,0.0781022301355677
assert_hex,0.199825906977252
crockford,0.1583352444964173
conserve-fuse,0.0573971532335148
broxus-util,0.1106738781204449
ic-evm-utils,0.118897388757608
ambient-weather-progenitor,0.0374021954867166
tinted-scheme-extractor,0.1899901313563274
popout,0.1062506347241293
adbackup,0.0533311364987257
qwen,0.0355549174676781
zika,0.1008873955828054
blackhole-bin,0.0887541204915561
cargo-no-std-check,0.0772447192855778
pinenotectl,0.0438452312694258
docker-archive,0.0608543347594815
ricer,0.0366867690789107
purescript-corefn,0.0464711271565645
os-checker-plugin-github-api,0.0675822532291771
rust-companion,0.2210311670657449
mpl-engraver,0.0669339740762242
send-to-kindle,0.0505112328575278
waitpid-any,0.3991788962892014
dioxus-v04-optional-hooks,0.0819645859996364
mf2_parser,0.0863502339772676
twitch-hunter,0.0946086498667504
fs-set-times,0.7828320421231318
invelion,0.0753903666895572
azb,0.0729740550421073
ssip-client-async,0.2246410055318214
ensnare-services,0.1103407102797899
relaunch,0.066158815120682
jeera,0.0708338359164854
search-query-parser,0.0558192845411799
parmesan,0.0788097945366067
ryver,0.0524033966369044
beil,0.041300791981146
nalgebra-spacetime,0.0732395672690552
tracing-glog,0.4064452610372046
aws-resource-id,0.0743706328373938
acsrs,0.1070050804376618
worldspawn_message,0.0346932930224031
canister-tools,0.0633107913838934
askama_warp,0.1048326228197542
chuchi-crypto,0.2614351027090933
postgres-binary-copy,0.0611243642340909
git-spy,0.0588107030598146
swc-vanilla-extract-visitor,0.047988465982916
boosty-rs,0.091666784986412
abomonation_derive_ng,0.3650924742675669
qfile,0.0734578155127217
cargo-rx,0.0626469528331653
bevy_component_extras,0.1013015125596078
amy,0.2038639131586998
tridactyl-native,0.0377429625583804
virtual-buffer,0.1712660088932051
phoron_core,0.0490908070409158
tauri-plugin-intent,0.0733528597427246
treemap,0.1215168307087924
sqlite-extras,0.0452941078473857
ris-live-rs,0.0659166729916115
lprsemu,0.044878632177914
phlow-ffi,0.049148011428758
boost_type_traits,0.376728290790612
legionnaire,0.0996803575155628
dgira,0.0638156368880982
lc-gpx-utils,0.0792016459591395
voronoi,0.1453643340780088
gdata,0.0500238972465996
just-a-tag,0.0437125788549124
interactive_process,0.2055249352562751
socketpair,0.6641800778132396
auth0wrap,0.054102437248407
seed_gen,0.0404635066489108
slapdash,0.0963770301695045
paperoni,0.0941658672418861
spltui,0.0931658457504069
plausible-rs,0.189620119413125
sysinfo-report,0.0962466708511136
programinduction,0.0830070076654339
tplinker,0.2026209450768968
sesdiff,0.1593393374341039
simmer,0.1395350099549878
mdbook-docker-run,0.0387848657188236
pinyin-parser,0.1019429289947957
neda-cli,0.0664291692287327
companies-house-api,0.0780157449746447
jcm,0.0593992655590477
clay-viewer,0.0481125398566373
wesc,0.0444561673189775
jsonschema-for-toml,0.0970514231600538
meep,0.0735848836929647
prac,0.0768262546828864
catalysh,0.0911989766012785
boost_smart_ptr,0.3204912063639015
sandstorm,0.0435974789821888
shuffler,0.0960293930487803
webm-iterable,0.3453560436649889
portable_async_sleep,0.2019167395444246
cld2-sys,0.2650753173209387
egui_chip,0.0588625768492128
env2bws,0.0644710370620419
im-native-dialog,0.053291488354745
shortcut_assert_fs,0.0679979643560647
skyangle,0.3368025434214197
whichlicense_detection,0.0707446765298248
getch-rs,0.2599649211633473
zallocator,0.1361272717656829
scribl_curves,0.0987419196537481
prometheus-reqwest-remote-write,0.3741423801742692
fltk-accesskit,0.2307368201237976
memfile,0.3881765759092267
deso-sdk,0.0517390974963875
sync-cell-slice,0.2861106532223127
mzsvg,0.0647901651140165
redis_ts,0.1039098267031021
elevenlabs_sfx,0.1052427332939063
zebedee-rust,0.112890631071275
easy-parallel,0.3965110020320408
auth-tarball-from-git,0.0379038497133292
mathml-core,0.2402178286476918
variant-rs,0.1811776236432678
archlinux-inputs-fsck,0.0379171209773216
youtube-dl-parser,0.0633577677170266
sigmoid-freud,0.0622738744405587
rs-postgres-stat2otel,0.0383725325818515
rshark,0.0518757519119298
cargo-diff-tools,0.0864613664987771
gtftools,0.1856105395121849
trimesh,0.1543597685273446
inkview-sys,0.0615641067978919
open-hypergraphs-dot,0.2178368717055941
pcap-file-tokio,0.1397016907241264
aws_cred,0.0702856777898754
carbon_14,0.0500568681631935
velociraptor_api,0.0354968590848259
mailproc,0.0605506438738533
csvtosqlite,0.0773909489854132
iotdb-cli,0.0615333433690849
collaboflow-rs,0.1015489302025848
certreplace,0.0604388193526616
regex-charclass,0.0849327183356777
wttu,0.0527921872919301
tantivy-pinyin,0.058990581410057
dtn7-plus,0.2285885897162127
xilo,0.0695604064525859
lol-inline-assets,0.0567229112106395
abcperf,0.2424641911833072
progress-streams,0.3323087443471577
lyra2,0.0750353069244978
rsa_public_encrypt_pkcs1,0.3154852450520057
exifmv,0.0674575877456851
laydown,0.0753646853961203
darth-tools,0.0470951139249958
md-icons,0.2813047363708543
creole-nom,0.0420251193776635
gobject-subclass,0.1898692347218461
carapace_lb,0.0503373868569006
tail-s3,0.0673944841409475
sparkplug-rs,0.1538240258252276
runkins_lib,0.0523010973548703
resource-proxy-pingora,0.0619609928997451
rhorizons,0.0744388774906374
foxglove-ws,0.1018884171363735
boost_ptr_container,0.070368892038595
http-timings,0.0484594524252511
dc-ock,0.0810401900847724
jpst,0.0774532172277408
rightscrape,0.0443004367517449
clap-serde,0.1723695221150561
libpulse-tokio,0.1123163774379488
xous-semver,0.2120021395636262
pets-configurator,0.0667999123837993
mpi_cluster_tools,0.0742672273719994
http-cat-tower,0.0602974297256486
tiberius-mappers,0.1433089027344506
medal-tv-rs,0.0590190721711205
juspay_jsonlogic,0.2665996050708063
openvpn-management,0.047421898636526
jfn,0.0915091261884527
twapi-reqwest,0.2173211359488555
avahi-sys,0.2862020545844371
postgres-conn-str,0.0583701878828848
xtb-client,0.081737653879846
marquee,0.0436269735464108
summary-rs,0.0570298907188328
unicode-blocks,0.5555940050167979
hackmd-rs,0.0441472906726223
toumei,0.0521293349107561
arbitrary_with,0.0566078165534109
px-wsdom-ts-parse,0.1556736440381564
imgui-miniquad-render,0.0594752918560447
tripo3d,0.0706945883695843
sfox,0.0851472297167483
mongodb-data-api,0.0600400734584154
pipe-logger,0.0929192228127786
lipong,0.0775903992929988
seax_svm,0.1664483287609083
nu-alias-converter,0.0999337768556896
ezio,0.114402563284523
onebot_v11_oxidebot,0.0703628082115224
py_geo_interface,0.1035961612158427
semanticscholar,0.0602239346958549
ergokv-macro,0.1339355186637355
xshell-venv,0.044886698905486
cutools,0.0583870289257527
bitflip,0.118149764709876
little-sorry,0.207686458839653
binex,0.3538020480272302
base32-fs,0.2028966655135037
static-files-module,0.05951787049517
demystify-web,0.0870091367920027
k8s_quantity_parser,0.0439787366097313
intersession-layer-messaging,0.0800060151713226
vcdump,0.0410974317358093
miio-proto,0.057709511923867
skim-run,0.0975607866372494
html_format,0.1201928669152865
blindspot,0.089388106853556
accordion-rs,0.1252774189472673
aletheia,0.0990037061890561
molcv,0.0330479937416008
rust-sl,0.0444659606160394
bilibili-extractor,0.0583709478893802
ilattice,0.3896141662557014
wormhole-io,0.3782542908704345
mangadex-scraper,0.0792208341751505
streamdal-gjson,0.0896920299928663
atlas-http,0.1892686108494202
rchan,0.0536054399487772
sharpy,0.0623584878555928
eth-stealth-addresses,0.0880489790672843
datahub,0.0443122013991642
prometheus-weathermen,0.1014063172532954
boost_date_time,0.2415042221981292
seismic-response,0.0464476566387903
cubes,0.0959459694823535
plex-discord-rpc,0.0584453932866411
turbocharger,0.0862748643953603
hash-ids,0.1871288205036186
git-who,0.0485404001213203
osm-tag-csv-history,0.062524100135812
code-shape,0.0604269016431314
traitgraph-tsplib-io,0.0442070502491299
lmk,0.1223618795618483
jonswap,0.0339863750533569
mktool,0.1216741144638886
rosbag,0.2686696770408225
pactorio,0.103475193775802
bisky,0.1694647883133608
search-bot,0.0538634123461637
sol2seq,0.0682077867415313
lib2fas,0.0650314921236736
tick_manager_rs,0.0712789564584031
cellar-core,0.1477040942833872
bbox,0.2846479828139877
cuenv,0.1239438863973415
fixedlength-format-parser,0.05880677740932
slog_prometheus,0.0672946136688228
anyrun-macros,0.0969085325061616
dez80,0.094493573118222
wavesplatform,0.114900724232888
camellia-config-ext,0.095383758994702
jup-cli,0.0723222462899133
quicksearch,0.07969291146616
slugencode,0.0732495742060549
hc_zome_peer_status_coordinator,0.0341006350253151
cave-fmt,0.0472719964472321
dijo,0.0905665749082261
hostname,0.815824388076882
spideroak-crypto,0.5178960212584077
cvars,0.2312588040917952
dsi-progress-logger,0.4693427946354666
venv-wrapper,0.07544803391993
xml-include,0.0386144793976877
bevy_simple_preferences,0.0487168810486297
prom_text_format_parser,0.054769358600779
cesu8,0.7948473675538069
abuseipdb,0.0623150783787762
necrywagen,0.0403559752740879
ydcv-rs,0.1218354559447734
cloop,0.091744401206182
ipstruct,0.0721327843494265
windows-dpapi,0.1532436237513941
dma-buf,0.1499989496336146
stack_maxima_parser,0.0364744121321467
bevy_c3d,0.1672439865655295
snapshell,0.1058347516484661
ahqstore_gh_hash,0.0522985319332053
brokerage-messages,0.0760224304983264
torch_poetry_bootstrap,0.0660991955694262
timecode,0.0747528124504142
bevy_variable_property,0.1576358724204838
odoors,0.0720819365586128
rs2,0.0998161739209927
minos,0.0667276400484094
gptee,0.1075751207924507
sprig,0.0580389582579655
etptypes,0.0406227056218589
dzn-rs,0.0543193147199055
shared_library,0.6290906199219383
vec_cell,0.1125200464480757
kitkat,0.0511111035482238
alloy-deadbeef,0.0843125023407347
matrix-notify,0.0783591397172079
rhai-sci,0.3223506569174789
covcon,0.1222495474610891
id30,0.0439702785012508
humnum,0.0589962422577398
themester,0.0619204495297756
nlmrs,0.0422658319217355
mle,0.0939136658793552
eule,0.0616743782531896
trading-calendar,0.0978983245056215
get-full-year,0.0346455641960683
slot_machine,0.0440748240664352
scbl-utils,0.0658457389219846
command_timeout,0.0975791288749132
options,0.3349783469230088
nutexb,0.0633199710555065
soil_moisture_hal,0.0461401183212315
hotwire-turbo-axum,0.0383566640728271
nobcd,0.0587194291069443
edelcrantz,0.1707722168071303
hamlrs,0.0520641984877652
ajour-weak-auras,0.1673644499895449
reapfrog,0.05580331892962
krtek,0.0566526725976086
sigma-trace,0.067629656779933
khost,0.110925438329998
prometheus-query,0.0616025205676455
eve-log-parser,0.0513391650518738
yul-parser,0.1007710605873027
swap-pool,0.0615804705046958
fcf,0.0523654856411125
eo,0.0439962498969532
rawcopy-rs-next,0.3919681285839138
pav_regression,0.2634494145855369
typst-ansi-hl,0.233260648094583
latexml-runner,0.0592972238515256
oem_cp,0.5824650690370168
garnish_lang_compiler,0.291703659476637
locate-rs,0.0712029721862072
lite-parser,0.3514529538529312
credits,0.0695009896758987
nbwipers,0.0999945335623937
compose-validatr,0.0460002534783123
ffimage_yuv,0.1972234811455887
packer_rs,0.0408591141527522
rusty-mail,0.0614401671675844
dbkit-engine,0.0505750394560171
usaco-cli,0.0829675970908035
detailer,0.0420522228214477
wordstat-rs,0.0348129669811244
typenum-consts,0.0658453364007638
error-info-macros,0.1342249123041924
cameraunit_asi,0.0838403213848442
fire-stream-api,0.2176945288497118
dlsite,0.0957055196434775
tokenizations,0.2834297141257757
ed_join,0.0538732438380862
reliefgraph,0.0670306447730815
mli_mep,0.0419942830744893
vhdrs,0.0562806943507347
vmp4-dump,0.0452233654750025
http-typed,0.07609258704744
music-timer,0.0519145668691652
linked-data-core,0.141142710950951
factordb,0.2095712037752324
quick_fetcher,0.0936905078934092
bmbp_auth,0.1332313005460252
manticore-openapi,0.0486696736281109
zonename,0.055404394935945
phenotype-macro,0.0824811675787117
raen,0.0764564109111146
goat-cli,0.0911902721649185
mdev-parser,0.0327668622188649
criterion-single-page-html,0.039757706912187
systemd-directories,0.0641001009726894
sec_edgar,0.0894115809448185
zulip_rs,0.0856978119650533
serde_ssml,0.0635617779072784
qweather-sdk,0.0879390488593857
nepo,0.0341307948882529
fasta_split,0.0539289322632924
socketcluster_server,0.0680762370039824
appstoreconnect,0.0959656238049763
chisel,0.057023853669085
sitk-registration-sys,0.0522289868660312
waiter-trait,0.1747271307051112
roblox-studio-utils,0.1012761805910247
fastobo-owl,0.0884242084183197
airtable-api-wasi,0.0542988020791136
proflogger_proc,0.08151213043805
authnz-u2f,0.1631838255702973
what-version-core,0.0828975178059176
zip-blitz,0.0533322175474068
cursor-icon,0.824609620915
rttmon,0.0632344668103625
request_id_middleware,0.0654395349454658
lzjd,0.0516139089982482
convolve-nd,0.0455290646099502
zkwork_aleo_protocol,0.1010729328766281
mdbook-djot,0.099372587835098
generic-ip,0.2684523029890602
hull_white,0.0331529465229366
http-serde-ext-ios,0.0972281687407198
graphql-mongodb-boilerplate,0.0780552029013069
is-admin,0.2233499724571102
mnemnk-api,0.0640215867423283
tarkov,0.0802845490555724
shindan-maker,0.2110744986793004
openapi-lambda-codegen,0.0715294867757093
inspirer-foundation,0.058820076089528
instagram-scraper-rs,0.1600654143565439
crs-definitions,0.3012930314671812
fqcat,0.0486537679397433
actix-web-middleware-redirect-https,0.0830153583045175
focus_monitor,0.0439199229260447
finalspark-rs,0.0541869655279947
sozu-acme,0.0648873943858496
directed-visit,0.2479674078890247
vid2img,0.0903176973631714
smallest-uint,0.0657445062804366
slog-mozlog-json,0.089174582455733
nd-icp,0.0525127591845536
spirit-cfg-helpers,0.0681715608762577
crunner,0.0476226083320744
desec_cli,0.0631281797404007
bwrap,0.3079464503877492
winit-block-on,0.0459725635866245
qiniu-upload-util,0.0674288024253699
ftdi-mpsse,0.4282210382231244
colorverse,0.0995118693335603
format_num_pattern,0.4052803277918179
cargo-newcpp,0.0990808306106121
anyrun-plugin,0.0536490325456513
crashfeishu,0.0749676413475946
r2d2-memcache,0.4682456714528789
aorist_ast,0.205907478939177
sync_mv,0.040715108303489
smarthome-sdk-rs,0.0960041176538737
lanquetta,0.0651619900111944
enhanced-magic-string,0.3088698689323288
brokerage-statement-importer-cli,0.0828211808733566
ndspy-sys,0.2008747413035297
nlcep,0.0639408342648457
alpha_vantage,0.3266881454113224
ld-memory,0.0709672801814664
web-tools,0.2332016896510587
openprovider,0.041994634273494
git-eq,0.0525503197083019
gce-wget,0.0738738277381903
deno_core_icudata,0.6184773671093785
boost_parameter,0.066985344970812
kf-protocol-core,0.2459310781429568
serde-ini-spanned,0.1230951794550936
pagetop-aliner,0.0769073667115396
feedburst,0.057499211250786
genomers,0.0458969622110932
stumpless-sys,0.0534331327314194
gprobe,0.0381091665903386
bobbin-cli,0.0705790398280836
kurl,0.0823786755277091
once_cell_polyfill,0.8718482756180386
varlinker,0.0648837524814654
crevette,0.1029333613056593
immi,0.0602737785966147
tilezz,0.0498875329513848
chksum-writer,0.3584958855792995
preexplorer,0.0738389881306137
csaf-walker,0.4228621488206328
neuroformats,0.0628180406843881
pdf-annotations-converter,0.0491820369167532
ws6in1-proto,0.048954742964033
ddclient-rs,0.0647904593210268
encryption-macros-key-generation,0.1228890178595055
arcdps,0.0685277963822775
icloud-album-rs,0.1189615158651578
rabbot,0.0397846995205725
ramdl,0.0739369336403653
mercure,0.0605687606327632
dmarc_aggregate_parser,0.0626275541162397
allay,0.0768627647898754
get_mut_drop_weak,0.1649212792149801
integrity-scrub,0.0644509782038865
kraken2_rs,0.0436960951830491
whiteout-cli,0.0660164796963921
sydney,0.0793852827199437
svg2polylines,0.1355432455581154
write-monitor,0.0564076410866428
appbiotic-code-error,0.1107815598543503
terraria-world,0.076602033180439
cornix,0.0385243154030094
ggbasm,0.0685636171979602
tele_tokenizer,0.1108464851818133
bitceptron_regtest_utils,0.0431063104131782
modelfile,0.3596683748206671
reportme,0.0658009602010621
youtube-subscriptions,0.115710946815505
gems,0.2074149121036506
senpa,0.0451154558605715
phonetisaurus-g2p,0.0426683589474594
iirs,0.0522990952894933
pin,0.0989042610317456
alkahest,0.261036711062358
elm-rust-binding,0.0828225593252229
s3same,0.0698292775088372
slip10,0.410754039372975
filterfrom,0.0412569268364619
sway-plugins,0.0435920468287417
trackball,0.2897729204285804
infect,0.057679408857566
autons,0.0363591699997348
simple_clustering,0.0540232786553063
ggez-goodies,0.0745144395104743
arcdps-imgui-sys,0.1554110013735936
eve_oauth2,0.0777608512581589
remotefs-aws-s3,0.2811241683769099
snapcraft,0.2300612430602952
avgcol,0.0391264674945962
julian_day_converter,0.3617902525343546
vertx-rust,0.1160054196452529
regview,0.0909057597781799
ybsc,0.0353095772305865
libsw-core,0.3760267711623309
inx,0.2708279450166662
hierrorchy,0.1329851272343937
prio-graph,0.5223410793948527
netsblox-vm,0.1258076684246294
rusty-box,0.0972533878622504
bropages,0.0926687192523881
ianaio-utils,0.2685721087393958
tvdb,0.2144757016901982
swan-updown,0.0753754428976259
cyagen,0.079618087778399
rytm-sys,0.0534065828256344
fernet,0.4964930883207441
smash-arc,0.0635762755008711
spinne,0.0810711507455018
soco,0.0556868497092124
miku-server-timing,0.0530475961691824
modbot,0.1273048921552943
image-recovery,0.0532256961541495
google-docs-api-types,0.0544509745592012
stellar-strkey,0.6732319787897391
consume_on_drop,0.3583190007158369
airmash-protocol,0.1217154101561922
human-hash,0.2554307008821119
usbd-class-tester,0.043847983195574
gid_cli,0.0640419034882066
chessground,0.0699024291442095
essential-signer,0.1647074939329823
vinolite,0.0449209060013664
titan-router,0.1537157292835515
gsmm2-metric,0.0927811543180835
labrpc,0.0568204985711723
unixstring,0.0465403979753981
tektra,0.0940486472680019
volumen_types,0.2322337098719051
aem10900,0.0352026986367114
qcow-cli,0.0637165682316279
dtrace,0.1606138353996303
afpacket,0.2767928088429111
pcloud,0.2729252436248677
basileus,0.1025384342683382
tivilsta,0.0938850923122002
gluon_language-server,0.1022449492794821
yew-sidebar,0.1311759640456997
cfun,0.1197961228925608
bevy_decorum,0.0511321184534033
datagram,0.1289472195343045
elastic_query,0.0508397691835889
aemo_mdff,0.034078873650649
zonebuilder,0.0400820935882958
bulirsch,0.0573504847660204
etrade,0.0978809121503085
boids-rs,0.0412442039379671
hstats,0.1075999520047861
cargo-bounds,0.0744638070114083
rustdoc-seeker,0.055645855642404
cea708-types,0.3049605809437513
hdd,0.0666866332732896
fileslice,0.2307564829485965
smaz,0.2725006566643367
dithord,0.061622444477074
dist_tx,0.2313061018816041
hf-mem,0.0747031602181007
assert_tv_macros,0.1406846042140359
tuilet,0.0646995370695641
gitpub,0.0776109985472938
human-sort,0.5061187750301962
format_no_std,0.2127175663197943
type_reg,0.4245705177426814
raw-gl-context,0.1540126919988144
ssrkit-macros,0.0599323487412386
adiantum,0.113300341230129
async-ctrlc,0.4720563541199302
envy-mask,0.0415779355175107
pjs-rs,0.2144480910552642
boost_container,0.2432179903308997
profiles,0.1235005930446502
canvas-sync,0.0993048120053772
newel,0.0449191644712527
data-for-seo,0.095603657549516
protozoa,0.109024697623304
cargo-dbcheck,0.0589226205800455
ptp,0.0463797898672943
amm-sdk-netsblox,0.0485140260437131
svd2html,0.0505121833157671
async-handle,0.1833888336632784
hightower-client,0.1928967015948926
yag,0.073781935672553
grit,0.0351144576366999
favicon-rover,0.073663212472656
validated,0.2881505129128259
meta_fetcher,0.0712191834070907
atool,0.0686264161820975
hash-iter,0.2941537030837674
loc_api,0.0858263344244301
terrars-andrewbaxter-stripe,0.0672098476705599
prometheus-http-query,0.5502315380814807
theorafile-rs,0.0722117749180056
tarzi,0.1329554514134222
pardiso-wrapper,0.3091084519676383
statest,0.1140674762327288
tracing-worker,0.0829297678908393
mozsvc-common,0.096579112592934
credit_portfolio_model,0.0461146658363518
syscall_searcher,0.0359889321295656
goldrust,0.0788868725432545
reclaim-ink,0.0543347111068337
mini-fs,0.0900622576397576
boolector-sys,0.2976391901885855
tolove-ru,0.0508670299851617
spritesheet_detector,0.0585868699428902
bind_match,0.1572693729120994
carbonintensity-api,0.0754919436722419
cargo-check,0.0562776293675364
avmux,0.1332865659660225
toresy,0.0487752937051756
iobuf,0.1774562917103505
mles-client,0.123290869124221
memedb_core,0.1335535697533783
pwsec,0.0997907777281026
git-event,0.0680424571935146
memtrace-utils,0.2372793496672376
main_error,0.4064186234270021
shogi_core,0.2562887057458118
ccp-rpc-client,0.1997058232623892
async-mavlink,0.0544737096181889
coc-rs,0.1298963474436193
detective,0.0428278051520676
bevy_stroked_text,0.2559348496546793
qstring,0.7197240218629172
bevy-tick-timers,0.0512864584776869
winauth,0.5850071885998859
serror_axum,0.059178091352267
collie-app-cli,0.0660535544385628
tantan,0.0384757021055667
user_utils,0.0675298841740402
ordered,0.4780630823131183
quad-svg,0.0473586308413305
tokenstream2-tmpl,0.2616680778038343
sqlite-simple-tokenizer,0.0918080632288209
convolve-image,0.1741583695440668
imgref,0.7773242231989737
bard-api-rs,0.0430362211148603
saltlick,0.1118895926953046
recycle-box,0.3457757830002789
tzfile,0.3268846756983445
asts,0.2755373323173752
arrow-graph,0.1053238030405228
libmysofa-sys,0.0958901420303124
mnemonic,0.5055026517504285
timeline_rs,0.0859804607047729
wginit,0.1487418151687247
interlude,0.0679971424627036
harsh,0.3949575711889477
hyperlane-cosmos-rs,0.1278192264342596
move,0.0940091352532164
linguist-termcolor,0.0580225832580349
shadowplay,0.0482431957026137
egui_heatmap,0.0967986325271535
hashpoo-cli,0.085718136156207
nauty-pet,0.1386279530235405
ya-client,0.2357149676768361
rrt,0.3591273731919878
leptos-next-metadata,0.1285688169234061
eui48,0.7544548868270975
mscheduler,0.0756443113385927
dors,0.0610473061791064
ecsact,0.110529355757729
eccoxide,0.0911675255656723
is_printable,0.0522987170908826
ck-cracker,0.0627310793848375
neo4j_testcontainers,0.0728740394293859
rdiff,0.0666745681050261
rocket-cache-response,0.3421942510992088
duplo,0.060798051366423
reportportal_common_api,0.0636225061007229
include-graph,0.0966265630598928
uhidrs-sys,0.2712851132109061
archive-pdf-urls,0.0930549089862827
twamm,0.0378417117397131
jams,0.1131834509500955
async-select-proc-macros,0.4245179773271316
big_s,0.2499283640737359
stampver,0.0911335663569683
teleinfo-nom,0.0393088325588305
cal-calc,0.2389482505197067
fimi,0.047540803421506
nekosbest,0.1198905994628134
plunk,0.0585114057010901
ogmo3,0.0475100395416987
dhash,0.0905192867062176
precomputed-map,0.5347822885242584
tokio-utils,0.3005861843832815
hbase-thrift,0.2247100173337474
ogg_metadata,0.3414469884719015
dockerfile_builder,0.0509466099667218
supports-hyperlinks,0.7901001902242331
fbsim-core,0.1043940415969266
cargo-pak,0.0543592865532478
scaled_storage,0.0580560134076055
pdb-addr2line,0.6248804664595659
image-rider,0.0823873726244562
tinyget,0.3313909869205672
crypto-msg-parser,0.3768765841344244
settimeout,0.1438876773256426
badlopo_cli,0.0734835553150779
metainfo,0.5470852815858677
gmt-lom,0.3737157501043986
path_macro,0.2720478805079744
norgopolis-server,0.0643426904161398
criterion-cycles-per-byte,0.6123765590667501
a800xl-utils,0.0351366679563348
s3reader,0.1746592251645228
majordome-cache,0.0882719795235418
normalizer,0.0582000527627999
ffcnt,0.0521675917414613
kassandra,0.1892880230726905
nvd-api,0.0489434740100074
oauth-device-flows,0.1980191676506923
artillery-core,0.2743643934616669
cargo-review-deps,0.0519243005227936
pricing_kit,0.0725362366182381
solana-base58-json-converter,0.0491657652733602
motoko,0.2256716165244501
isnt,0.2582857769072353
permesi-genesis,0.1100936634827822
libdevinfo-sys,0.0892038079359165
auth_lite,0.056145842607626
cmake-file-api,0.0362319082377963
random-pick,0.5330250854308995
ensure-cov,0.2488965157130155
test-by-a11y,0.0467319590753507
git-hud,0.0574022477920116
rust_sbml,0.154790082414581
utm,0.2882194753934448
gas-network-sdk,0.0563064966076287
eureka-client,0.061777888135253
gnews-rs,0.0745708168897998
fakelish,0.042728515514282
ring360,0.0693117740969568
sn_url,0.060735061784127
cpp_map,0.1881367902346381
resolution,0.1312730625128874
async_main,0.0909810789663403
syn_util,0.3448445214448777
ro-crate-rs,0.1173049827815587
plotcap,0.0563019064941924
aspic,0.0379640545976283
jtagdap,0.1520586182686244
adsb,0.1419471927610453
vmonitor,0.070894294172862
visual-cryptography,0.0719468343906859
rdx-stderr,0.0978374464212836
dup-cli,0.0864728198194869
afsort,0.0391769120171174
autoclap,0.3442431165327074
gff_diff,0.0410661653224134
hyper-custom-cert,0.1016379346504893
truebner-smt100,0.0520839556552252
socket_config,0.0504420024603832
cascade-email,0.0388238865417989
feedfinder,0.1267858056947564
postgres_array,0.2577534828421847
spreadsheet-ods-formula,0.0793415932178757
mobi,0.2711842536750893
aws-regional-product-services,0.0868325709410216
spacecrafts,0.1641854945411854
dns-geolocation-checker,0.0581466982075738
regex-cursor,0.4698988952184257
opentimestamps,0.454949477633531
nalgebra-numpy,0.0821282873144744
path_trav,0.1418202952560915
privilege,0.394125044715423
type-toppings,0.0572722492216585
cn-stratum,0.085827040884085
heron_macros,0.2412262014877495
mvdparser,0.0782027444341543
servo-fontconfig-sys,0.4890592073699024
jindex,0.0615648508419551
uuid25,0.1937857849729762
geobacter-rustc-help,0.175158744848579
plaintalk,0.0381657539563917
cloneable-any,0.0929124098349698
ksunami,0.0740615437137957
goban-screenhack,0.0474184803093878
tonic-error,0.0832915869775021
worker-route,0.0612776801294224
rs-es,0.2942388843425974
ibc-derive,0.4634071009510159
escape-artist,0.1048211904184784
bevy_fix_gltf_coordinate_system,0.0808658441139145
spry,0.0530900381327586
iproxy,0.0731886805058129
si-img,0.0944307681018743
telegram-authorizer,0.0902073027070923
xhci,0.2397203279284238
scoop-shim,0.0611287978159488
am2am,0.055276653439802
garbagetruck,0.08219187269167
bma-ts,0.4633116920901144
gh-pinned-rs,0.0830885910536075
trible,0.0651036730082003
llama_link,0.062477993590351
aoc_codegen,0.1368000614913208
async-io-bufpool,0.3075165647468397
traversal,0.1185372236819466
jsonschema-transpiler,0.0777396685375033
dbs-utils,0.1974652811705049
render-to-texture,0.0791234126803496
vmw_backdoor,0.1729562976113076
kir,0.1629129537394487
bevy_networking_turbulence,0.1704679489693738
otool,0.0491453623172893
polars-qf,0.0371576011071717
tauri-plugin-fanto,0.0702880530118393
simple_parallel,0.1354130315883551
injected-image-checker,0.0375296892604682
tauri-plugin-buttonkit,0.0420256137457582
debot-utils,0.4025990475648079
ferrum_compiler,0.0426335904053087
memonitor-sys,0.0580492944585909
fake-oauth,0.0710394014392612
fileinfo,0.0370054476419794
codl,0.0607554146008409
memflow-registry,0.1447564641597681
since,0.0593636532642436
tailf,0.0575071331948616
hvym-file-token,0.074045011207624
bluer-miflora,0.0910646514661103
shogi-kifu-converter,0.0655622645016153
nick-name,0.0368373746734042
fail-parallel,0.3803706100897607
rabuf,0.1678487526793908
cspretty,0.0346356102910955
snowchains_core,0.3187636812566169
herbie-lint,0.0654459767038472
ethereum_serde_utils,0.7693033737069191
ignore-check,0.2464153442002287
titdb,0.0340526273860132
sound_find,0.0414507492802475
snap-buf,0.0513657061864539
watchable,0.424452060656133
r-extcap,0.2304999997407349
acuity-index-substrate-cli,0.0408858003580462
system_error,0.1821681043252071
btsnoop-extcap,0.0761071311470699
hstrace,0.0599358982442859
urlexpand,0.1412692319581164
mfa-cli,0.0491837183899623
spdp_sys,0.067842097706409
dusk-safe,0.3688625953891054
edtf,0.0404052284771196
rosie-sys,0.0598701122601515
wsz,0.057161652339566
sugarloaf,0.382944720014525
bytes-kman,0.2593982999633504
bonsol-anchor-interface,0.0673136409637459
candle-birnn,0.0638558760641196
stopper,0.5018560025158124
rw-exact-ext,0.0383002218927217
chronologger,0.0405746370045201
array_map_derive,0.2743576008182907
volume-ctl,0.0656173583817794
mmkv-parser,0.0349679674062671
flowtigs,0.0464428559846654
ragzilla,0.0636973711560832
refman,0.0985436156606903
pokelookup,0.0870563771920931
encrypted-sled,0.0544652097993042
knowledge,0.0959059629487656
rxp,0.0926795279657456
incodoc,0.1438238010326646
earthmc,0.0648359232244844
apikeys-rs,0.0429772837454615
nu_plugin_from_bencode,0.0722314425608192
nvim-utils-macros,0.0923938684053839
odometer,0.0743350311100735
dwutil,0.0803132477587747
utapi-rs,0.0635789597488148
post-commands,0.0744040705391093
xp-channel,0.1046487906770922
fragula,0.0917837082960803
human_name,0.2826221929244807
default,0.2637836164259389
gtk_estate,0.1554082721647806
hulc2envolventecte,0.038989327399293
passport_azure_ad,0.0588389511481588
freenet-scaffold,0.1538485384719124
tokio-duplex,0.067411828711282
rs-primitives2rbat,0.070579593420495
waker-fn,0.7471935033384323
rustybuddy,0.0502580842919467
fraction_list_fmt_align,0.0839565826479317
geoprox-server,0.159533159999318
smr,0.06483376401486
rusty_paserk,0.4182521168007274
lineriver,0.1318783803338381
legion-protocol,0.1664398478573584
hds_console-subscriber,0.0594302225663401
consistency_model,0.0506773677169754
parquet-format-safe,0.6009717654989118
mp4converter,0.067346254279162
aabel-multihash-rs,0.0687312922986158
pg2any_lib,0.1172155952047644
mempool-dumpster,0.1320345695497854
non_blocking_mutex,0.1771256794564736
jdks,0.2615849938049246
remote-files,0.0635154057906301
liplay,0.0569669655374959
fomod,0.037519220437909
fiat-lux,0.0806913554779839
sermatec-ess,0.0575697066359118
scru64,0.1436054988899068
antelope,0.0565041183722007
temi,0.055865862639694
helm-wrapper-rs,0.079194887673211
lea,0.0465928571511957
bevy_hsl_multiplier,0.0330315906828565
carbonara,0.0593926948853291
async-arp,0.1755651564872545
nsdetect,0.0392209743008284
geonetworking,0.0791161595480704
limnus-audio-stream,0.3145154919705263
schemamama_rusqlite,0.0751262972678919
wgsl-spec,0.1013046851252995
jamjam,0.032910576237598
zksync-web3-rs,0.100898998373043
const-decoder2,0.1472977828384428
sd-sys,0.1469217432271677
nu_plugin_from_dhall,0.0434910942744818
daipendency-testing,0.0569628741195179
unidecode,0.6404545272113514
burncloud-auto-update,0.203898212717236
ckb-type-id,0.0370810922479062
egui_text_animation,0.0697962562203206
spa-rs,0.0888485694826712
mdbook-boilerplate,0.1508739647428313
ttf2mesh,0.1124525060151533
xacro,0.0389967072253889
rand-unique,0.3304213823635625
ec2hx,0.0941040369967348
communityid,0.0350987701753623
dex-client,0.1104919742234896
ticktick_api,0.0619545723857902
chiral-client,0.0825002498409529
realia,0.101315132770485
libtqsm,0.0719919613458542
varnishslog,0.0792541188537983
polyproto,0.1793585491643858
etnsc-bootstrap,0.0422156606050715
uption,0.1065314364186245
self-github-update-enhanced,0.0567671712472279
sharded-vec-writer,0.2559684887087551
token_adalt,0.0537176109373506
trash_dumper,0.0448187271514039
pisnge,0.0919147320041031
sendinblue-v3,0.0650702246300412
bhtsne,0.3637374799919865
sma-proto,0.0486678692671973
ssh_jumper_model,0.2195788931091859
nude,0.1947865522504601
uk-tax,0.0541220580259422
highlight-stderr,0.0361513731698054
boost_lambda,0.0679205677669309
cargo-ghdoc,0.0692055866177569
seq-data-file,0.0402239153100042
arcgis-crawler,0.0390375506062928
medmodels-utils,0.1495850652263426
eth-beacons-indoor,0.0377296234533216
pico8-to-lua,0.0833246991702066
fast_pl,0.0593411013143304
macext,0.0495975784401299
mojang-api,0.0967991526277666
tensor-eigen,0.12036892705258
orphist,0.0432158859524865
screen_size,0.2081952545121481
h3arrow,0.0733486880248496
workspace_root,0.4632165264764712
limestone,0.0348384187703193
rocketman,0.105915547516051
fusta,0.0582271418906912
bevy_quit,0.0458130499317335
boost_asio,0.1367099372239621
fxp_videoclipper,0.0517231373847038
clipboard-anywhere,0.2915911275291501
arelith_combat_simulator,0.0446624252772755
bevy_rmesh,0.074412434818074
bulletformat,0.1885468757345678
luavisors,0.048468377658727
aws-zip,0.0476376078243242
ballista-cache,0.034309032331663
msgbox,0.3307462391128301
shoulda_macro,0.1873563993736488
eytzinger-interpolation,0.1742224732164494
co2key,0.0359208904638945
event-listener-strategy,0.8844486713202013
pikchr,0.290608475551196
archbelt,0.0471348184984163
maxwell-protocol,0.056802212158538
iprange,0.6335873954279201
rust-mnist,0.1155941188151818
airomem,0.0767380939699884
bevy_color_blindness,0.0398270813848289
pmd_wan,0.0853596135136366
regioncam,0.0733643083881705
linux-info,0.1977098800295957
jobshell,0.1107987184224852
thread-id,0.7689052779151435
keywatch,0.08336435503751
saucy,0.0355300203676159
coyote,0.0712167741850946
powers,0.0696726616680315
dbhub,0.1002014161581511
turnstile,0.0499191077315142
box_plot_chart,0.0635514216169499
tremor-kv,0.2442464529700826
send_with_us,0.0990732219038287
kle-serial,0.2143734655528463
sealevel-nostd-entrypoint,0.0995343616578849
tauri-plugin-axum,0.1177026211287032
xlsx_batch_reader,0.2358924986656654
kpathsea_sys,0.0501458325164004
finance_ibex,0.0744345936854734
jenkins_api,0.3530743577121446
manor_common,0.1950080907769444
anybar_rs,0.0511116745686264
refimage,0.2591071162620146
tonic-lb,0.0494254059931528
fn-store,0.0794684992859962
winit-input-map,0.1938333986645011
hermione,0.0864726907475733
slog-bunyan,0.4787852604341505
csvchk,0.0798675519408667
colonylib,0.3084338360499256
diqwest,0.5254184201032306
bracoxide,0.4810885864345489
rask-core,0.080758066041213
fltkrs-richdisplay,0.0842900509269889
serial-unit-testing,0.0924605485728664
deadpool-ldap,0.0794253433501493
sena,0.0359987325518965
dart-typegen,0.0980790160033324
eve_esi,0.1221517687705245
codify,0.0669826804215119
k8s-csi,0.1500342935717077
chip,0.0669797753762287
rlu,0.238933435946584
everygarf,0.0934412916536066
actix-web-middleware-cognito,0.0772524888820861
micromarshal,0.220676109630469
wifi-nina,0.0416309584685097
vaultenator,0.0877282478574802
letterboxd,0.0769001182352338
short_future,0.0496059757570896
sklears-inspection,0.1024768961370579
neo,0.0736001015777839
res-regex,0.2959451619744679
dsc-commands-remover,0.0568234979861905
urouter,0.0925443852572555
hyper-timeout,0.9288467770854996
kelk-env,0.0899452397426001
deezer_downloader,0.0442088777261936
gzinspector,0.0570152365349904
html-translation-lib,0.0555196590041761
driftdb,0.1523163053846059
ssml,0.2493440518392999
pyo3-error,0.2724256047801224
demtile,0.0562620872582661
minitt-util,0.269923315036571
diff2html,0.0743133287271824
btparse,0.5124761177120419
docfmt,0.0443456342667236
rezip,0.0705482552591216
exponential-integral,0.0398619999288625
option-inspect,0.0617276003643842
oglens,0.0460949779419828
reddish-shift,0.0523656600602079
as2org-rs,0.2596544889354844
run-cat,0.0566988503328106
hash2field,0.0421255368320604
futures-delay-queue,0.1496917878110034
vec-x,0.2284631459033128
nutorch,0.0781776494762492
server-env-config,0.0854921959126638
dbwarrior,0.0390236976323102
async-graphql-relay,0.0812629412140872
imxrt-uart-panic,0.0468155466265639
porter-stemmer,0.1377594841247849
boost_pool,0.2140593342207205
taco,0.0733997373722556
lpcg,0.0452992948960806
ball,0.046659193942216
anyhow-to-actix-error,0.0444977681072626
win-crypto-ng,0.5077574180118634
knurdy,0.1839901290329497
pdmt,0.0734915537078031
psyoptions,0.0590843816563025
aobscan,0.1890017101753939
lister-cli,0.0592721841209645
reporters-db,0.0945817023190072
eidos_core,0.0897832247718444
riji,0.0847595417789592
devicon-lookup,0.0742939962814108
somfy-sdk,0.0575733373018059
dmypyls,0.0542762856870431
lux-ik,0.0376039322498158
kernel-builder,0.0769466211945866
bulls-and-cows,0.0581300295075867
souffle-lint,0.0718100397521672
fil_actor_bundler,0.1044132324787256
starlark-repl,0.0594032357977857
waka,0.0310714616898394
run-clang-tidy,0.0924516329300718
board_id,0.0467910615915906
bisector,0.1822444653266694
sortify,0.0728744471368205
cognito_srp,0.0758626177306465
bpxe-internal-macros,0.0903190624024249
graph-networks-registry,0.2125653763147117
xstream-util,0.0429734320694857
cargo-rtic-scope,0.0479486756452923
rt-graph,0.0683692369269211
secmem-proc,0.4037095134089138
kovi-plugin-ciyi,0.0931296279086571
archon,0.0423402346983729
interact-rs,0.0462173116142754
knx_rs,0.1525899687061344
google-indexing-api,0.0681289013060181
cargo-incremental,0.0773143992478652
big_o,0.0579908064766538
nvoclock,0.041690618711983
rev_buf_reader,0.4837800746796271
dingtalk-rs,0.1009162134916507
sharded_queue,0.253848034146251
webdropper,0.0573387483192582
bas2wav,0.0404111089925003
distrs,0.4080884449857824
walletconnect,0.0859961622663966
foxy_utils,0.0409884943539676
elfsign,0.048598199455845
axiom-ai-core,0.1720305760883437
rails-cookie-parser,0.040821067029165
crowdstrike-cloudproto,0.0608501073889795
fuzzy-datetime,0.04465637285302
tree-sitter-kdl,0.0519889452588964
screenplay-doc-parser-rs,0.0808301161850597
philomena,0.087275595042603
fn_name,0.2718217394677343
benaloh-challenge,0.0439415022288603
utf_symbols,0.0682380961001884
rawprinter,0.0538323826141803
grit-pattern-matcher,0.1011206644777375
romio,0.3534174786522214
knx_examples_rs,0.0429200278651233
msgpack-numpy,0.0741304064320803
foyer-intrusive-collections,0.4936811561288844
yew-navbar,0.1078455138598968
ordiscan,0.0530571067744538
cortex-client,0.0588186385716573
wanisabi,0.0802550896813903
atlist-rs,0.2058791007063939
cargo-lookup,0.1679112631354634
pallet-commodities,0.0642522623779889
playht_rs,0.0639050369045942
iap,0.0788707659012085
scheduling-api,0.058100724273024
bls_dkg,0.340561863300565
pictura,0.0818355168550035
yubico_manager,0.3205391459126531
ctx-pick,0.0577017672456663
sftpman,0.158019905738044
fano,0.0412899647593868
yew-limput,0.0581605890297106
rucksack-db,0.1923542672829471
respicta,0.0994897800853058
obadgen,0.0412869933024772
splaycast,0.0658213002471569
centurion,0.0486445745356877
jfrs,0.0465871144285111
viewimg,0.0945714534404204
exolvl,0.082232194143989
voxel-tiler-core,0.1186129708840094
glow_plug_macros,0.0514891020661804
ndata,0.1874655871592866
sinex,0.0693364181579666
fslock-arti-fork,0.4649827464944495
boyer-moore-magiclen,0.3143061964595818
bass-tuna,0.0330987693295253
filesvc-rs,0.0444999148055177
async-gate,0.0470330436599467
tm1637-gpio-driver,0.0580465380607679
libwayshot-xcap,0.4783601530551197
remotefs-webdav,0.2317437089216622
cargo-hfmp,0.0699954597995744
bulletinboard,0.0726236005913806
atar,0.1301324355943914
bunqyy,0.0631700862439442
charls,0.2795409630367613
write-hasher,0.0612896937384697
gain,0.1834735411656987
slip-codec,0.4771717355706624
graph-cycles,0.4910675316140602
instance_code,0.0617166058382321
dotcom,0.074343076316265
libghost,0.0386126890337723
mioco,0.09988099041304
puff,0.0681124934121531
pluscodes,0.0415103821636624
kobo,0.0597202373297649
cgminer-rest,0.0357637279027044
guard,0.2206357140877973
btcturk_websockets,0.1112997783703265
core-math-sys,0.1160654541500799
fastapprox,0.3208215391579745
ovs-unixctl,0.0542028926789868
mini-telnet,0.19789541306316
spoo-me,0.0556556826990383
tee_readwrite,0.1829063461641601
clobber,0.0756603391380777
jdp,0.0445268961972694
varro,0.0351753222489845
async-mwmr,0.0523656016384043
cryptostream,0.2351344009202487
ai-code-buddy,0.1202083620037791
llvm-plugin-inkwell-internals,0.0724742358059763
sftpman-iced,0.0954140819426661
factorial,0.450106698717456
actix-state-guards,0.0714013432236131
load_file,0.0397087667279051
prometools,0.4476536581283336
lase,0.1274108877783653
feos-pcsaft,0.0549471192174067
fid,0.1834358345076051
sssync,0.050450751882636
bgpexplorer,0.1002950265520165
classi-cine,0.1097545231003223
mosaic-lang,0.072756372579898
cmph-sys,0.0449393635774462
rimeka,0.0706993865252975
edger_bevy_shape,0.1780596556931909
socks-hub,0.1036225603299407
asimov-maildir-module,0.0700511556639673
clahe,0.0702568334683872
tracing-chrometrace,0.1345271128382032
tauri-plugin-penetrable,0.0804445919031167
gotify,0.0775842548272236
bevy-rrise,0.0672611868661825
tydi,0.0572761565950358
tuple-transpose,0.0606848726209287
mvc-rs,0.0691891040630088
release-exporter,0.1110823638383501
kampu,0.0630572902688302
webdriver-downloader,0.3290399866540865
subweight-core,0.2385365061665834
atomic_ref,0.1530886985516021
model,0.0687442519752874
http_metware,0.0435909639269645
archive-to-parquet,0.1073265797267581
byregot,0.0485469580250544
serialize_with_bson,0.0560061718453348
skyscanner,0.0392613461266698
sort_by_derive,0.1588966315865095
koios-sdk,0.0562297034974182
opsview,0.0913340619548927
mt6701,0.0612269542925105
firefly-types,0.2155172932174948
swift_file,0.091228281297566
deadline,0.0718228398625855
bevy_mod_actuate,0.0874003296644204
ftx,0.1532203014466953
c2g,0.0524264002894233
mumblelink_reader,0.039031247540886
shogi-img,0.0582200584932474
aionbot-core,0.1856335574702838
asap-ranking,0.0385093895032825
source-chain,0.0700538511655155
libium,0.2641101257787794
g11-macro-daemon,0.0741821939008634
time_sigil,0.0518481573305078
cielo-rs-sdk,0.0346663183575771
world-tables-gui,0.0424203150233835
crypto-key-tool,0.0517809887795051
bthome-scan,0.0632247959958831
boost_static_string,0.1273246142552915
acton,0.0551250265019499
cursive-spinner-view,0.0666908995722056
axum-media,0.0536670513061941
bevy_webcam_facial,0.0689122253701905
live-radio-songrec,0.0688215150715743
portus,0.2371254972502402
yamakan,0.2275272086443853
cargo-actions,0.1087961251888863
bonjour-sys,0.3483375489321992
baskerville,0.055842186079728
lipstick_compiler,0.0387864774851389
doris-rs,0.0833349279549476
str_indices,0.6331358357030327
ord-reqwest,0.1032490724315822
rotors-macros,0.0617075805783178
s3du,0.0876728255824438
rucrf,0.5099943863751725
gen,0.0564001588510211
itsuki,0.2201592641766857
best403unlocker-rs,0.0762520337878095
nautilus-extension-sys,0.1181737118136863
trove-classifiers,0.0465833277243812
mapproj,0.2860274366175755
polytype,0.1910674428733927
sleeper,0.0319779741761224
yambler,0.0418370227611898
fetch_mediawiki_configuration,0.047032528938146
lconvert,0.0474507154247154
fdap,0.0535599820369821
fax,0.8153208162960598
uni-stream,0.0641832434799568
rocoder,0.0711731427923909
rocket-include-handlebars,0.2539773921598383
downtown,0.0448301860527125
iter-group,0.0819293104599786
seal,0.2370346757373872
docsearch,0.05887531380435
stable-diffusion-trainer,0.1348832403632008
lava_torrent,0.2965639112539137
nu_plugin_endecode,0.0891870023244157
serde_gelf,0.1516711288210064
xasm,0.1675689537571545
eudex,0.2062880772337432
stdio-override,0.2942038306267556
genome,0.0470813911782897
podwatch,0.0544919695557729
command-group,0.5971166134634269
dora-gst-webrtc-sink,0.0841438438609624
scoop-searchr,0.0344703399838752
dncl_trans,0.0527881561934867
docx-lite,0.0957124279475331
drcv,0.0915702708773508
bitvec-nom2,0.6267028717163348
ferox,0.0874634246720885
serde_alias,0.3351540883908045
roy-cli,0.0830567166646552
vrs-core-sdk,0.0915463131809509
magc,0.050540880296661
wasm-rs-shared-channel,0.0666506436942608
asdf-pixel-sort,0.0691997817852416
stats_alloc_helper,0.0921810042137563
ria,0.0546185235683446
quilibrium,0.1185430029852858
dui-cli,0.1030861393414805
tangy,0.0796890479876106
durian_proc_macros,0.1230122971926784
rs-dirents2meta2rbat,0.0599015941733985
speakeasy-rust-sdk,0.081900688693013
det-keygen,0.0670029027822455
mind_sdk_randgen,0.0587268794930438
gaffa,0.0756767083528853
rustsol,0.0666743582069997
bromberg_sl2,0.1470070106079771
ramp64-convert-gui,0.0641216153236899
velvet-convert,0.0488252611896194
jsonox,0.0396915255155979
clickup-ical-sync,0.0924157195873979
boost_serialization,0.1644831081938684
pls,0.2396074635562531
valord-map,0.0564623106958709
conch-parser,0.2276302349021935
pastel_colours,0.1995082285412499
terrars-andrewbaxter-localrun,0.0679758961389209
submarine,0.0785652579870604
cf_functions,0.0362145925036605
esp-drv8833,0.0695329461825101
trace4rs-config,0.2218522087128409
dcc-lsystem-derive,0.0744140139457498
phyloevolve,0.0692984739642324
tanoshi-vm,0.2071880736586072
rzap-ng,0.0824786162685109
luxafor,0.0688824263633931
wtime,0.2002730619573967
fmp,0.0720189636547482
font-awesome,0.0754072131364006
bevy_sqlx,0.0841291741937233
sportident,0.0729148708358375
stdintap,0.0485239486255593
mf-speak,0.0530675983733397
input-rs,0.1511795371962728
raff-cli,0.0802183393660794
easycurses-bump,0.161677440374927
remotefs-memory,0.0594025180247111
sweet-potator,0.0904814002379747
bgptools,0.0825862665552136
cribtools,0.0587066096002319
cosmogony,0.0892800252540664
biodivine-lib-io-bma,0.0936109302775841
dprint-plugin-imporg,0.0727638691618324
candle-lstm,0.0622186884387592
ofiles,0.3265531896047765
bevy_openai,0.0470196300227934
kubeconfig-bikeshed,0.0798863104279901
porgi,0.058815216309626
cashu-crab,0.0458948043844225
abacatepay-rust-sdk,0.1007773803351016
client,0.0619152695512355
derp,0.4436458407617859
install-wheel-rs,0.1302279567399655
gperftools,0.5156155408739017
itermap,0.1274179841599019
ethers-ccip-read,0.0719991828668129
sqlplannertest,0.1088728329683741
msr-plugin-csv-register-recorder,0.0678535283692384
diesel_full_text_search,0.3201386900193361
cosmology,0.0826153934725142
bip329,0.1253842679921171
luau-lexer,0.1523146967526732
butter2d,0.0795606201883206
lantern-ai,0.0644761207104279
ppproto,0.1442829051806048
flexi_syslog,0.074375760736082
ultimate64,0.0974973740272693
ssd-data,0.1995189516251385
exponential-histogram,0.1279821739480627
smawk,0.849716231639758
handler_table,0.3164109883188389
dbml-rs,0.2002162705396102
geo-buffer,0.3352876596386859
cygrind-utils,0.0416903533826317
occasion,0.0589863648677121
tenzro,0.036852534014585
kommitted,0.0816323013013316
cargo-whatfeatures,0.2394214512493214
dygma_focus_proc_macros,0.1456762507638719
qsk,0.0483989875904378
arm_gicv2,0.1880967553335334
reqtrace,0.0551387234855096
trprvr,0.0371712262257624
openssl-probe,0.7979558365406345
uname,0.6480804104501414
docaroo-rs,0.0395159127194023
buildchain,0.1166514211759466
bevy_spawn_fn,0.0688847137547861
semtech-udp,0.1698900151142046
infmachine_gen,0.0392036373770728
beanru,0.0356532794552937
kaniop-crdgen,0.1124889293276037
hg-tui,0.0938834951985743
staticize,0.1007092571255159
hickory-to-socket-addrs,0.0873733814278995
lm3s6965,0.0449519158058256
morf-mqtt-bridge,0.0357141110597111
enquote,0.5853790021169754
sokol,0.0527140750107521
ds-r1-rs,0.0764636170265889
tracing-proc-macros-ink,0.1796873810649586
pico-detect,0.0878123678038601
luo9_sdk,0.0723803390971821
rp-postgrest,0.1991236374303294
minicdn_core,0.2780875213644486
corries,0.0453169657643662
monzo-cli,0.0320890840396044
axum-startup,0.0413669048448693
cw-dex,0.3792274536247749
curve_similarities,0.0626099557677139
pandoc-wasm-wrapper,0.0628998506379847
zim,0.0621826332334149
rocket-client-addr,0.1969070012212398
mattermost-bot,0.0612704651324255
cold-stat,0.0561819166919814
clicolors-control,0.3162141112249424
skynet_api_monitor,0.10901421098437
kendalls,0.1490402507986364
sqlfuzz,0.0703250902739272
polsim,0.0380983008981709
aptos-network-tool,0.1437954746227918
service-authenticator,0.0572171412765717
awaitable-bool,0.1000313505984263
bitcoin_balance_etl,0.0655889152667036
infisical-api,0.0468376235017849
mlsnd,0.0371395113152185
devx-cmd,0.2223736563945156
naphtha-proc-macro,0.0824671409570244
ubmsc,0.0614169600567384
web-archive,0.0480323973078984
rpdo,0.0635028831221094
libmseed-sys,0.0693351606972374
gelf_logger,0.1493707799288307
rexie,0.5693641034281897
wasm-pack-test-all,0.0499746282505695
tuix_internal,0.151228283778014
utf8-console,0.0555717815471913
incpa,0.123175222165465
rosbag2_image_loader,0.0486546980565214
intersect2d,0.0645181927123443
lockjaw_common,0.1552001471649222
lever,0.4144395652713097
lanis-rs,0.0782992241624839
pax-macro,0.3830939630245554
slog-async,0.7552276841278267
yew-datepicker,0.0824807844214607
screeps-game-utils,0.2110659253795412
synapse,0.0704149162337525
sqpnp,0.0912113703130482
mt_logger,0.1711228638479997
simple-middleware,0.1438325158055422
rustynetics,0.0801939809441734
codebreaker,0.1684223617283928
joat,0.0849956938728218
popcnt,0.046361291383514
valence-crypto-utils,0.1656861278943335
pchain-client,0.047559227537317
disk-types,0.1107325274321348
moniker,0.0684477788765525
nanoid-wasm,0.0473384754496915
reify,0.0847532189396119
odpic-sys,0.4806674516150781
random_grouping,0.0469730808313511
ogre-watchdog,0.0664770365802545
fslint,0.0893974971451218
osmosis-liquidity-helper,0.0357265660281898
netxserver,0.304814599334647
debug_tree,0.3565659935353772
power-warn,0.0493453632477869
heartbeat-watchdog,0.0556028867107479
cargo-wop,0.0542321394114923
ohos-vsync,0.0551827882596679
animatron_derive,0.0624981325495454
bevy_ui_exact_image,0.0572463325987628
netlink-packet-audit,0.289105048616257
ndspec,0.0418167632268728
wait-for-gh-rate-limit,0.0849597407713127
kv-derive,0.1278990135222468
uethers,0.0808241843937705
unicode-linebreak,0.7755800116452983
phase_sqs,0.0676355005880646
gtk-rs-state,0.0779403879103696
chj-util,0.1987925845471511
consalifold,0.0696212818177537
queryer-sql-polars,0.049187072040728
bazel-execlog-cmp,0.0460162875015783
ej,0.0623644767139452
kapy-lite,0.0652509727465277
threads-api,0.056583481878614
pollenwall,0.0385191113164662
rvstruct,0.5327944966079513
blazing_agi,0.0495327784143144
facebook_totem,0.0565396748897335
testkit-core,0.1523471853638001
json-book,0.0353424966725057
llm-bucket,0.063757831012922
imxrt-usbd,0.3501408441775369
reqwest-auth,0.1307931510749025
backoff-tower,0.068260390002159
build_uuid,0.1929492751382439
allan,0.2262664225053742
runnel,0.344891049917412
yume,0.0555291365749084
oss-vizier,0.083143175506218
deepgram-rust-captions,0.0349268517171471
vfio_user,0.0894189364712944
nenyr,0.0385920973823304
uricrypt,0.1002936446497766
x32_osc_state,0.0473027971762848
autd3-backend-arrayfire,0.0880275128665845
contemplate,0.0621958560830833
wasm-snip,0.3198903141264686
tauri-plugin-oblivion,0.0401034796627766
staticmap,0.142534576786498
mushi,0.0881336157294352
tms,0.0326764564463804
irgo,0.0832053246484259
natpmp,0.4232495818101506
memfd,0.8098456114470051
snippet,0.1000826512627852
openslide,0.0652858073881928
p2sh,0.0424011771050324
npmls,0.1086122988454385
nws_exporter,0.0795502146819136
zip_static_handler,0.1322983000721272
serror,0.3844500169106852
term_grid,0.4142368295357886
tokio-eventfd,0.4009718203339414
const-zero,0.225009192644253
awstail,0.0768738721279551
rayon-cond,0.7235199613787546
const-addrs,0.0796243341205576
cprf,0.0477197181105272
lending-iterator-proc_macros,0.5264781552915351
tarq_core,0.1693130790832454
nitv,0.0605221414822661
better_embedded,0.1378562232679357
itm,0.3173171845752844
flaky_test_impl,0.2194170678761487
ruxio-common,0.0329929046492664
struct-to-config,0.0602019214275315
defigraph-rs,0.0483700980173847
target-features,0.5790844198268326
mnemnk-application,0.0575031633733769
blossom-auth,0.0422682429730524
buf-fs,0.0571770269635619
armv6-m-instruction-parser,0.0324433084798159
sentinel,0.0368071588232854
teleform,0.0772376800532033
ya_advent_lib,0.0852233195168423
dusk_dire,0.1772914046154071
winston_http,0.0825728609040531
mprober-lib,0.2458067279059103
oc2-hlapi,0.0497225881784241
bsatoollib,0.182092583789538
soteria-rs,0.1014019694240186
rusty_chess_clock,0.0484243431735871
xlsx-handlebars,0.1070951753554381
barnsley,0.0844433567954421
publicviewing-cli,0.0480027117616798
cea608-types,0.1997685153448394
t-rs,0.0761913557094611
cargo-revolve,0.1135762703752413
pushinator,0.0695385614705899
yamlbase,0.1315228352077878
syno-download-station,0.0562418522340725
phabricator-oauth,0.0723459896996864
spark-address,0.0477173033514374
oscirs_linalg,0.0702734978249266
manifest-dir-macros,0.4818222764321286
thumby,0.0455825837099858
css-image,0.0533852100847119
tac-k-lib,0.0613483507465494
ffxiv-chronowatcher,0.0559767232143695
avalanche-config-installer,0.0866835539242766
minetest-shark,0.0490703496390201
gigalib,0.0685985610952183
machine-vision-formats,0.1840834816320721
dhc,0.0658673974098166
filterable-enum,0.1417962506118955
airnc,0.0843830179204436
minimizer-iter,0.1652163171861969
action_maps,0.0770739858384213
ifcfg-devname,0.0558405011574486
dali,0.0535894535147125
rsframe,0.0749231981509493
does-it-json,0.0738222380384098
stamon,0.0873080281985564
elina-sys,0.0339612862365539
rs-plugin-url-interfaces,0.0450231686630208
libedbo,0.0319111818322714
sarpro,0.1174334129992927
mdbook-environment,0.0639621310070385
spotifav,0.0575017415309018
ahref,0.1098371412551997
hal-elements,0.076853416697294
vault-tasks-time-management,0.051714669816001
nsg-cli,0.0908515628818803
entropy-protocol,0.3495326471502682
aamva-parser-rs,0.0313642383143272
swaywm-alttab,0.0505469099167694
asimov-jinja-module,0.0844543734535798
bevy_flicker,0.0994911185839714
blockrs,0.0830584709424743
caller_line,0.0320301654199406
rimcol,0.0373994487427793
stray,0.1929941746225388
isabelle-client,0.0346120783394448
supasim-spirv-tools-sys,0.1382021440978498
apple-crash-report-parser,0.0897748971166334
prat,0.0846396737552697
fuid,0.1904582254675988
autortr_rocket,0.0550051989529484
bombuscv-rs,0.0556931804720275
gplay,0.0443299267833042
cfdi_use_mx,0.0309796667439657
zymrhit,0.0819536319055623
ros_pointcloud2,0.1646136648337323
wasmer-as,0.0727328251940401
cruxmont,0.0951321423755316
epub-builder,0.4682958620653266
creditcard,0.082536420969173
boost_logic,0.0537056517097724
proxier,0.0770805498002349
rocket-download-response,0.1013339635324429
serde-appxmanifest,0.0489169464583102
cfg-exclusive,0.0392371030933893
ssri,0.7011141266728451
tosspayments-rs,0.0638703896707948
tree-sitter-norg,0.0638538333380904
pithy,0.0507779844315327
press-btn-continue,0.0337047803116309
hetzner,0.0877424565646449
local-jcs-store,0.0406385446697203
zbx-webhook-proxy,0.0528793453974169
sea-orm-typed-id,0.0869880416163624
small_ctor,0.5706330164753648
zengin,0.0508199626473706
qastor,0.0397301226424768
resolvething,0.0731880606765509
posh-tabcomplete,0.1037198763263664
bmf-parser,0.2958984469162328
conduit,0.4061287901551034
serde-smile,0.4135031150852323
task-watchdog,0.0661183227220805
recycle_vec,0.1171453717810609
ksway,0.1408009765755019
rdf5d,0.3141635740038745
tui_confirm_dialog,0.2677121681948469
cscart-rs,0.1032915326054022
panoptes,0.0380709096429391
xdbuf,0.0311521067447611
victorops,0.0760764484619769
moveref,0.1798090564975063
gtk-source-sys,0.2246080841054019
optick,0.4974713757436698
rafy,0.1099443966949257
ordinal_crypto,0.0737310872336264
docker-image-reference,0.0481205483373078
mlcheck,0.0684560252757589
pyo3-commonize,0.060546679933388
mdbook-all-the-markdowns,0.045461867333798
libxdo,0.6381794528997039
busterminal,0.0790566332662928
sofiza,0.0531555634484676
ollama_translator,0.0547861731869164
refreshable,0.3291109457071688
juniper_relay_connection,0.0485390713863053
repvar,0.263241466875133
windy,0.1119961738854462
zindex-scanner,0.0368062660870979
adarank,0.0312552136132449
civ6-mac-updater,0.0709393204803904
tus,0.0692490547044958
quackie,0.0321186473608595
vdi,0.0634016337228293
l1t,0.0764772579058363
sgrust,0.1045680919481841
rm_rf,0.3960334051424292
juxr,0.0886103800235139
font-enumeration,0.0845381839878757
docstring-rs,0.0351154280877087
knative-derive,0.0906208653430014
coutils,0.1887986959995387
ffp,0.0425542697780837
can-type-rs,0.0615319170363078
wucc,0.075540894585405
config-loader,0.0459443887279738
ephemeral_hub,0.1037964017037838
firmata,0.0614495138018297
e2k,0.0661728205612945
ramu_rs,0.0473960633779969
eventuals,0.15529156150344
typewit,0.8426501970891124
ratatui-base16,0.0859508871364966
s3-manifest,0.0362205766454577
send_glitch,0.0726133345895974
jdkman,0.0524743062791516
qrex,0.0523250396484957
mine_data_structs,0.1269237646968591
gh-emoji,0.4229956082218294
stemma_soil_sensor,0.0395159864606629
diode-base,0.0979591467819498
argparsh,0.07639433016095
pgarchive,0.0829776259643081
solana-airdrop-service,0.0370208346010608
folder,0.1501161859201861
volcengine-sdk-protobuf,0.0697020739963479
ltpp-output,0.0884305585686641
overflower_support,0.0633337363281416
affinity-linux,0.2104004961820094
rcssl,0.0930651331640707
best-path,0.0476468946123387
linear_sdk,0.0369253139747865
trait-net,0.1006597499862209
strategy,0.0472114431476294
graburl,0.0771951010739236
scratchstack-config,0.06378374741112
ndarray-npz,0.1479588328551037
fast_html5ever,0.3559914965837737
tshock_discord_monitor,0.0341782218143685
termlight,0.0340541086834212
mru,0.0638526234219385
concurrent_log,0.0407089764521043
what-osm-pbf,0.0527231344738136
scram,0.3693212124407795
traqq,0.0541693266468212
seckey,0.3868911812918315
cargo-acj,0.0652915635987537
tweep,0.0455902397321125
clepsydra,0.0750424471499732
mnist_reader,0.0412053771496942
neutron-astroport-reward-distributor,0.0415890709585025
gemina,0.0398853679219384
rquest,0.5158274411731525
accept-language,0.4027233842063408
mod_rewrite,0.1023362775074316
shell-escape,0.7023835414234627
symtool-backend,0.0505385589108412
system-analysis,0.1335088366700683
holodex,0.0775184725794197
qdrant_rest_client,0.2211620732811609
rotools,0.0715975611597939
skora,0.0334583419478129
is_ci,0.7684789276585996
gentoo-cruft,0.0688879397026058
wasm-gen,0.5208083264882515
yew_form,0.1314894224974888
madato,0.2411401136437021
hrv-algos,0.0628333443636879
omdb,0.0773612753022043
ignis-nostr,0.0614191905854951
xshe,0.0803694562143274
vetomint,0.1326522497490797
petnat,0.0437548407234665
sm-2,0.0564725828197202
linux-futex,0.4671444448065242
http_writer,0.0443285248246562
mmdeploy-sys,0.075713996726111
cliw,0.0989790991144513
tensorflow-serving-client,0.0494234388997851
typemap-ors,0.7051316146877825
ghaction_version_gen,0.0925564488145788
pdf-doc,0.0474324463872371
smafa,0.0843801215615614
terminal-midi-monitor,0.0387625806798381
yams,0.074393226707321
ordq,0.0483124266511639
uniffi_swiftpkg_gen,0.0544644578637217
mc-repack,0.1029926194291434
iwls,0.0443326696389679
asynchronix,0.0579014668877594
dnssector,0.4130469796722251
spliny,0.2461159358633723
cfile,0.0971497577017473
line_intersection,0.0932181478977419
tonic_prometheus_layer,0.1574713592716007
dipr,0.0343549373868877
sgmlish,0.1633342817679212
iconify,0.1872882935579072
nixpkgs-prs,0.0738134091193753
ikconfig,0.0570751124204257
typout,0.0466638924567447
flussab-aiger,0.1482104744540116
jupiter,0.1178785850582752
soap-service,0.0606643208153351
serpapi-search-rust,0.103659886255604
dir_rec,0.1069640412043531
csc411_image,0.0740077235269719
mdbook-ocirun,0.0568242455642537
sauron-markdown,0.0800882145253947
bindiff-rs,0.0703261079830848
etoml,0.0490312758519603
text-parsing,0.1316711175107063
choice,0.3451496762546093
glissade-macro,0.1065902566857181
binator_context,0.0303113820934379
inverted-index-util,0.0333093545338214
ogc-cql2,0.0910269179894985
lhapdf,0.0413228453787605
piglet_generated,0.0924809042472018
candle-coreml,0.1184367613469391
duckdb-bitstring,0.0844436514694296
mintyml,0.1273499417152272
amd_uprof-sys,0.0719504714723723
atrac3p-decoder,0.0559990891404883
xwords,0.0658252946356268
essential-builder-cli,0.0933996587326568
objectscale-client,0.0553827290174611
imbl-sized-chunks,0.5931536767010934
focusable,0.093601112961635
ggca,0.0597831509428638
regigigas,0.0309685270081513
sharrd,0.0754242076699365
panda-re,0.0992496814061765
rocket-governor,0.28622681806784
prevayler-rs,0.053161783670326
hitaki,0.2086650023698031
pxserv,0.0676645938834426
steami-rs,0.0322149152451258
mqtt4hwinfo,0.0740744169858209
numeracalc,0.052755139023777
speedytree,0.0691985295008767
grdf,0.2293689441343327
javalocate,0.0675463118033259
vectis-wallet,0.0590715667283156
firefly-meta,0.0429914100220486
mqtt-system-monitor,0.0906250396977659
egui_solarized,0.1285302188060358
lilt,0.395871987941478
wareki-conv,0.0417426834354401
xmp-writer,0.4177612694510341
konachan,0.0328818466228532
onforward_ref,0.0756702940211819
min_infmachine_exec,0.0583453535916491
android-wakelock,0.0349301847853748
bggcli,0.0763877928098798
pf_lib,0.2022164749399
onepassword-cli,0.0701910365879201
pageos-pkgr,0.1006656840322648
byteorder-cursor,0.1206641554884065
ekey,0.0291500312165812
yapu,0.0479487027934436
flextrek,0.0499867910357947
ral-registers,0.5051854313648164
lethalfixshaders,0.0283757114115966
argmax,0.4009300334331009
tdigests,0.1411878525768267
tlg,0.0563354817359792
link-walker,0.1048489747645963
sepserde,0.1536153575235208
siws,0.104638264202735
trip,0.0426248841604719
chunks-rs,0.1187667726229026
tokio-wifiscanner,0.2506950979610343
memtrack-utils,0.0797137723001729
dcompose,0.0530464111866023
dioptre-derive,0.0763191229213041
typemap_rev,0.5912893328804478
embedded-mogeefont,0.0433985066545375
dioxus_emoji_picker,0.0987703361785429
kubernetes-audit-log-explorer,0.0703769891655688
termplot,0.363672317625232
elrond-sdk-erdrs,0.1745841067593166
netscape-to-universal,0.0322362738114284
zola_chrono,0.0739579855001378
ed25519-dalek-hpke,0.2273638216232087
softbuffer-rgb,0.0372206552371713
subx-cli,0.1217410071585882
neuromorphic-types,0.1049335095204078
egui-remixicon,0.1703433700333369
fast3d-gbi,0.1884278902785368
thepipelinetool_core,0.1649191027872429
request-id,0.0592120336117342
dilithium,0.14997325240447
wisard,0.0431949758652057
pallet-bank,0.0601464050907341
nodes-parse,0.0766876940881028
shrimple,0.063740945607871
mind_sdk_fhe,0.2786064723774178
vapi-client,0.1106765588576871
lud,0.0742154356445851
trunkls,0.065635348826606
dioxus-timer,0.1509085144646546
riichi-tools-rs,0.1088516769514868
include_uri,0.0426166167429207
treeflection_derive,0.2085454403581548
local-encoding,0.3853707550901254
leetcode-runner-cli,0.0575922916668134
fat-date-time,0.08682009526468
preroll,0.1240437842649603
libloc,0.1007062647320001
pipspeak,0.0600177942003683
bagsakan,0.0955667847382329
hdkey,0.0919779877270353
wipe,0.052692689508998
ece-native,0.1438612826823072
tui_document,0.0662541063818027
safe-sdk,0.1162787667880125
coursemap,0.0522353820980572
solve_ivp_bdf,0.0608481181282548
up2code,0.0709263308569233
bufferpool,0.0683858750465959
dted2,0.0345918430502731
auto_sitemap,0.06719406221741
ico,0.6880441276575187
ff-uint_derive,0.270402688745339
skootrs-rest,0.0662638040496446
mdbook-bibfile-referencing,0.0537704410630491
transpose,0.729852818662803
ocptv,0.0573448351896134
gooseberry,0.113502627097993
ipfs-cid,0.0961084118190173
citeworks-cli,0.036088060649519
filesystem,0.2926182877473369
llvm-ir-taint,0.0358640056137293
ipmiraw,0.0403713383786714
v8-to-istanbul,0.0550700627195109
saturn-launcher,0.0528659776696376
fastar,0.0480731319817904
tvi,0.0834604882420229
keepass-db-derive,0.0473310192650016
anitable,0.0684189315880598
permanganate,0.0441293002287169
tado,0.0648556578885458
nats-spy,0.056362711087484
rep_derive,0.0524803394657586
notifme,0.1541614155871308
tauri-plugin-keychain,0.2406990151020905
sfs-core,0.0451838469279819
submap,0.4094042838998312
hologram,0.1227694015971204
tan-lib-core,0.0483656612749502
scst,0.0529094143580333
world_magnetic_model,0.3035864469472559
serde_tokenstream,0.7048526623651533
tiberius_db_tester,0.0570722021478044
lemma-engine,0.1579854898635066
ssh-to-age,0.0552324786930569
green-rs,0.0541612067688603
stackstack,0.1425651930982364
io-oauth,0.0930450987343536
bieye,0.0501036352220057
rxpipes,0.0722852313173504
resman,0.4067172284556789
matrix-appservice-rs,0.063008234750346
serde_garnish,0.0657571472217164
ssup,0.0511587855910506
pouch-server,0.0710577452967069
bedrockci,0.0828440439961912
nbuild-core,0.0950978205929672
leopard-codec,0.4188618836215753
bitmask,0.3624389817421487
dwldutil,0.3327017738152286
ndarray-inverse,0.1197130414740394
cnp,0.0818168174958186
btree-slab,0.614578875473765
dlt,0.0938728262756347
utf8-supported,0.164520702764525
screeps-api,0.0794699457369657
mc-pi,0.0500273802217282
futures_codec,0.7145571920218203
gl-headless-macros,0.0550510818602518
omcp,0.1180830280844019
pciids,0.0447065674542596
hs-hackathon,0.0795683788255838
axum-embed-hashed-asset,0.0572765645956496
fastrace-reqwest,0.3119661863356074
semver-extra,0.1137793939714269
flat-tree,0.2824733897083195
rbroadlink,0.076901975269671
linemux,0.4593090253667271
async-pidfd,0.4279638960739504
from_ref,0.0748282108105166
wallabag-api,0.1636210763497978
dsmr-parse,0.0484542921428719
wwdc-parser,0.040045125157259
feos-ad,0.1468066132612814
discord-timestamp,0.0360011958031425
image2multires,0.0327808197651188
ldap-utils,0.2206014615774703
medifax,0.0276404610877131
another-html-builder,0.0765691953547872
edgehog-device-forwarder-proto,0.0368670365775776
pinfish,0.0385806401247573
wgpu-app-sample,0.0697938981107487
raydium-amm-swap,0.0919530971273126
ctap_hmac,0.1543314584512455
elytra-ping,0.1165170820642005
floem-winit,0.3951227426397354
android-manifest,0.2880087733698479
seqkmer,0.1603869448812065
nom-recursive-macros,0.3052612978555801
fng_api_wrapper,0.050686550405706
toggl-rs,0.0496162943866197
cdp-html-shot,0.2957270293509064
traiy_cli,0.0809471811938472
mbus,0.0836573817678947
esetres,0.0834297362292474
tensor-calc,0.088447784690659
libscf-sys,0.0493436129485075
kimono,0.142661925760265
locktick,0.5720401641446797
ebml-iterable,0.3454539185388431
boost_conversion,0.2682982520396882
azt,0.0331741707826099
remotesysmonitor,0.0837026800494692
nmdbus,0.2361387361106482
repo-hoarder,0.0524599218925373
stateful_faas_sim,0.0309549012953561
anylr,0.0804977276523269
embedded-update,0.1433349194512863
windsock,0.0865432473583517
smolbar,0.0908922660844378
spor,0.0507475108106001
badpod,0.0805236890900413
dms-cdc-operator-client,0.1181576797274489
package_manager_detector_rs,0.0392984491437983
gini,0.0665019158240504
flydent,0.061784859995666
rdx-hyperclock,0.0626771851964827
star-catalog,0.0908361715062882
datagen,0.0707664415255548
friendly-zoo,0.0608334360125163
rfb-encodings,0.1401265954146795
alternate_screen_wrapper,0.0599940618579889
mastermind-cli,0.0511554873043477
undefined,0.0629818851104425
ocsp-stapler,0.1518837492162387
yggdrasilctl,0.0689371661896013
capra,0.0434923798236174
hf-hub-enfer,0.0783107398372192
google-cloudevents,0.1646367279542835
golem-wasm-rpc-stubgen,0.2630649131532494
s3-concat,0.0406618604267239
cat-rs,0.0565824465239038
hpts,0.0570331306466851
tree-sitter-bitbake,0.046256634393698
policyd-rate-limit,0.0707489076547226
openraft-rocksstore,0.1131073528910199
cache-size,0.3318103993193375
rebound-sys,0.036019706638893
chute-kun,0.0670195618746352
nu_plugin_cloud,0.1111276967602706
cybergarage,0.0660234201299665
path-dsl,0.0543957643675154
group-similar,0.0315289935869837
nip,0.0557570512561178
rocket-raw-response,0.1007309120914499
try_match,0.4968788384711978
mdn,0.0500195782486397
hitomi_la,0.0603036815482683
wasm_crossword_generator,0.0500399470187153
sula-alus,0.0368622094413193
evunit,0.0533054247350291
anybuf,0.345826114908526
ndb,0.0326545505935534
topcodes,0.0542160342352018
mdbook-transcheck,0.0710455554209917
airs-memspec,0.0654663056988002
scroll_phat_hd,0.033323936594526
randomwalk,0.0466272830938178
gst-log-diff,0.0502784490645321
zenn,0.0333708346062291
laza,0.0892360738748762
oapi_derive,0.0819651123755149
magba,0.0614686653513506
s3d,0.0443838195125387
dxf_to_svg,0.0588702355269772
bsd-kvm,0.1397183490700239
markdown-gem,0.0611138058006055
char-device,0.5606932236633768
vsix,0.0719487592368834
memuse,0.7722583706735692
win32job,0.4764213724526198
kurtbuilds_sqlx_serde,0.0927221821986987
boost_static_assert,0.3703550853722751
lkml,0.0553304444972893
factory,0.316257514132456
tower-fallthrough-filter,0.0420241181641318
latex-thebib,0.0395672313742582
features,0.3897547632591149
hyro,0.0804856431368888
crabrolls,0.0721150030331976
s3-meta,0.0432903342073213
mcmf,0.0403384955325506
lnurlkit,0.0930533172792517
stacky-cli,0.0790856077945417
cargo-action-fmt,0.0707921855782121
binarized_image_object_detection,0.0310485044797535
eip8004,0.0756441886180768
mdbook-template,0.1123222839694556
daipendency-extractor,0.2228683012585189
fast-mosh,0.0553296939719098
graphics-shape,0.0407875311625967
nxtusb,0.0509157327318342
conditional-trait-gen,0.243191348685283
wechat-crypto,0.0498808320212124
simple_scan,0.0791142788349011
dook,0.0761555528745506
gatling,0.0834125589115342
kasa_exporter,0.0417539579387124
dotenv-parser,0.4560940828639712
sphinx-auther,0.1112447178697129
office-crypto,0.0814335452442574
fly-accept-encoding,0.2651325984589048
gltfgen,0.1412126820614161
louds-rs,0.6336066370120399
node2vec,0.0413815191177142
minimeili,0.0861634117726654
asana2,0.0628017048441272
async-rawlogger,0.0591101873062921
kucoin_rs,0.1094890043667616
tnef,0.0594856330470175
bittorrent-primitives,0.0703242581119975
netlist,0.0396932010172357
pdf_composer_base,0.0832798579120168
fans,0.171049239196293
rustextile,0.0602893491361488
osh_dir_std_cli,0.0455351090420996
romu,0.1399238225168713
boxy,0.1279097932067686
redirt,0.0810586256420585
wrpc-interface-blobstore,0.2819495213769351
wiim_api,0.0505541270694023
depbank,0.0880825483886784
config_file_types,0.175029141073788
getserviceip,0.0510380538215324
generic_asset,0.0673911859474293
mmd,0.0454181728352559
hkid_ops,0.060226301137409
scoped-futures,0.5844853136407462
emu-cli,0.0830748645939209
gocat,0.0742971932905159
tldextract,0.5443645064059934
embedded-flight,0.0569302776668387
orama-js-pool,0.1790313410204806
hardware-registers,0.1599834635391974
import_fn,0.0457823503330876
obsidian-lib,0.0387868118148535
repo-summarizer,0.0492524070903699
tokio-bin-process,0.0974203458126583
btm,0.1074099491947671
tactics-trainer-cli,0.0695711314692453
ngt-sys,0.0941960851140089
archid-marketplace,0.058775193652531
airfrog-rpc,0.1724882791802185
minechat-protocol,0.094124404438627
screenruster-saver,0.2785309723362446
rs1541,0.0504524010023532
mrtd,0.0766372373803439
simple-include,0.050434703139712
yaml-navigator,0.0635026714215786
filterx,0.1043028204370709
warp-embed,0.1143170095859746
gctree,0.0718965099818318
depcon_codegen,0.0593426649582667
mdbook-anchors-aweigh,0.0661952265029464
nada,0.1056540285156354
wikidata-filter,0.0335358445800768
webmachine-rust,0.2672572465313655
cargo-firstpage,0.0380396192484673
axum-postgres-tx,0.0618007049986418
bcloop,0.037966327761203
poly2geojson,0.0409404148895695
noxue-compiler,0.0569568857034489
ftp-web,0.066327812043301
prevent-alt-win-menu,0.0429787331880258
radiko-rs,0.117027185503738
cartunes,0.0862914648072855
jsonwebkey-convert,0.0465796705780024
cc2report,0.0631349697915493
yarner,0.0602513253574236
htx-rs,0.0529113163072921
hskx,0.037418954268297
source-map-cache,0.3718519002841512
field_count_derive,0.3101356456166158
cargo-metask,0.0546958360305194
instruct-macros-types,0.1513428549182994
netbrowse,0.0425817474704827
esbuild_client,0.3082798015226224
lenv-rs,0.0478940614569044
ultrastar-txt,0.0449554759314696
mdbsql,0.0628671665322731
git-whence,0.0602727805687438
linecount,0.2426778998275413
socket-notify,0.0410469734527346
krater,0.0591997657445531
dodo-zh,0.0706671965713799
fzf-wrapped,0.2487362100645252
wheel-rs,0.2570631547417192
aviation-calculator,0.0402522088196135
nasoone-lib,0.0532630738400605
ip-roam,0.0447525959763941
elasticube-core,0.1051273852026095
shodan-rust,0.0523505235337178
wycheproof,0.4657977732008967
quicklog-clock,0.0813153963930119
futures-batch,0.3996246716293332
aidump,0.0321871063077291
binfile,0.3803512472334482
mackerel_plugin_loadavg,0.0341404428237717
microns,0.0662881613394067
seq-marked,0.1943089926266395
chessbored,0.1030133986349332
acme-dns-rust,0.1072860563342935
frakegps,0.0515464777350936
rusty-rootsearch,0.067822498278013
mackerel_plugin_uptime,0.0408439589692363
vergil,0.0545859296601735
logid-derive,0.2048215011538001
httpdate,0.7981745165293375
mac-sys-info,0.217108665044727
bvh2d,0.3010994387646455
muter,0.0494183618829031
tauri-plugin-appearance,0.0611295697421915
bare_metal_modulo,0.1642225785466423
fxbot,0.0416114438488823
synclite,0.0752731125465872
boticordrs,0.0716379066510859
qrz-xml,0.0625530777500235
glimmer,0.0570796216965227
google-fonts,0.1139487279187333
git-turbine,0.0760585747866599
chnroutes,0.0713110581298077
serde-reflection-aptos,0.2317878229291016
fit-connect-rs,0.0582544563807364
apple-notes-exporter,0.036922214164191
abnf,0.6213659265115833
decomp_settings,0.083135006003073
bitcoin-encrypted-backup,0.1145844582414764
dtf,0.034334701084595
yo_netwatch,0.0728011149704971
fmtastic,0.1160822914032276
isosphere,0.182380281714992
analyse-json,0.0895408850625687
ndarray-ndimage,0.3611872180453879
systemd-boot-conf,0.0403503582305332
streamdeck-oxide,0.1403450373507474
thanks-dependencies,0.0527159157766353
mulberry,0.0531005350294467
ublk-vram,0.1064039442045244
osrm_client,0.0674641040834809
ilytix,0.0558205554271682
tdx-rs,0.0386979819452646
arx-kw,0.0462464925696817
lmml,0.2096329272687091
simple-icp-cli,0.065736133029343
electron-repl,0.0518439796019944
opendal-indexeddb,0.0887450002898785
rabbitmesh-macros,0.241051197421238
fsmap,0.0375431813774818
mouse_position,0.3804520913579704
flowsnet,0.0612769481787662
try_from_expr,0.1479713078530421
zigbee-cluster-library,0.0314492571683577
ksynth,0.075533197427958
solana-accountgen,0.0772471259562901
hexlab,0.0973036908542863
ironfish-primitives,0.2776215208905114
nutrition-ai,0.0522827147670283
ktls-recvmsg,0.030135322123688
routerify-websocket,0.0561641306812576
bookstack-exporter,0.0345357637492073
psychophysics,0.0330197024339158
einwurf,0.048566517239443
fltk-term,0.1276943962839661
voca_rs,0.4844627348375725
agh-exporter-rs,0.0659103770139902
tensordock-rs,0.048668126076003
percpu,0.4355782002875775
psdm,0.0471293216784185
tibco_ems,0.0722108182022832
mc-mcp,0.1144894834173174
lazy-mmdb,0.0656874130607584
homography,0.0511077253673278
renga-api-rs,0.0431823773752845
bffextract,0.0655649016228928
blitty,0.0577565999468647
snmp_usm,0.1110168972756872
trust_pdf,0.07915905602641
path_abs,0.6498669630645295
odbc-tools,0.0631767321989414
fluent_content,0.2796297757710456
bitwuzla-sys,0.2263087630501506
js-source-scopes,0.5066142351102538
libre-url2audio-lib,0.0700198447988693
bt_string_utils,0.1797172522086605
lopdf-table,0.0865876083466352
soar-dl,0.3217645688266329
uniqopy,0.0382208776625647
neemo,0.0453398418597616
psacak,0.0996067903640241
mob,0.0467178128329153
hst-tw-utils,0.1050305414227482
jserve,0.046015277587042
tracing-layer-win-eventlog,0.0761975032624921
to-trans,0.0355165092096053
letngorok-rs-sdk,0.038701975470055
nvidia-checker,0.0519411342943601
opusmeta,0.1368649185306612
dvi2html,0.0477906686430989
xlsx_to_twmap,0.0298838150539433
gadget-core,0.0543162185086154
trading212,0.1080141928585297
voile,0.0937179020487733
age-plugin-simplepq,0.0539685773288533
shapley,0.0490012569753721
amplify_apfloat,0.5415569492559652
lm-studio-api-extended,0.084425516159286
archstatus-rs,0.0642451941704163
dply,0.1058582630840004
pca,0.0749021956227045
razy-importer,0.1701337814777692
substrate-geohash,0.4833529789353913
groundhog-nrf52,0.0756853235179408
jumbf,0.0471426638666397
uma,0.0929634829790058
strawberride,0.0360501422263278
cp_r,0.1015089021916098
lerr,0.1155725367742546
penlib,0.0320943156383335
protoviz,0.0688764051459831
jirun,0.1081784550690337
uncrx-rs,0.0497970585822434
fzstream-common,0.141691054105609
coppice,0.0370017759164562
desec_api,0.149731337331798
xorc-notifications,0.0447256621826073
mpc_valet,0.0815637160383521
checkr,0.0917837020167718
fift,0.2074259412224297
lbc-rs,0.06997016623472
tower-hyper-http-body-compat,0.0889064935280299
soft-edge,0.0604662841334844
protein-translate,0.161403424212581
solana-gateway-anchor,0.0522730606224205
bkmr-lsp,0.0928466006170794
cargo-testify,0.0587916473321291
leetcli,0.0976411355986582
sync-ldap-subtrees,0.1130630140997178
bevy_asky,0.2210116204801435
hyperfile,0.1704043778094579
tools_interface,0.1193203305834305
cadre,0.0937924487549226
odrive-cansimple,0.0628334789989632
mcschem,0.0326836479942643
earth_satellite_state,0.0499164277014482
crypto-prices-lib,0.0706481995644618
little_boxes,0.0566583492173195
call-once,0.2460049040805982
uqoin-core,0.0583431979227239
acvm_stdlib,0.0680622192776879
users,0.7202150951968662
gpmf,0.0504531053376234
founder,0.0699984266316844
zifer,0.0626782093404927
btrfs-usage-monitor,0.0330906785251683
ck3json,0.0425311225770555
mongo-lock-async,0.089406169287323
futures_orchestra,0.0824207597028741
nvdl,0.0778988448266754
promerge,0.035836444469373
decolor,0.035258740373963
smaug-lib,0.087171862817707
posixmq,0.0583988360332246
get-data-url,0.0638952591388474
os-checker-plugin-docs,0.0608728221573739
zap-tunnel-client,0.0368050923147437
repay,0.0287001133009108
osrs-highscores,0.0385589164246369
clio-auth,0.0844921578439072
udm-fan,0.0336241472552074
yaml-hash,0.2369520140313372
libai,0.0591535268588306
rtimer,0.0686531320845965
affinityprop,0.0338305969467757
text-reader,0.1005922397951379
winres-edit,0.0892667569007246
voltdb-client-rust,0.0642441865475511
tinify,0.0717002074169207
zoha,0.0853562878127009
aoe-djin,0.0624365885657687
pai-strace,0.0785981496438195
strobe-rs,0.5823429309617486
bilinear_tf,0.0299905383688818
icaparse,0.0573104591477475
bitcoin_solo_miner,0.0737217427825179
itchy,0.0845383337067388
rocket_seek_stream,0.0801037412533812
icao-units,0.2080090419730277
vidium,0.0387024773795767
rodbot,0.0520002909606016
dumpfs,0.0922889341697056
ratel,0.1611545409231793
drives,0.1608127920227972
egui_speedy2d,0.0708395172331125
crispii_errors,0.1382866521429528
tiz,0.0552824095845215
prometheus-edge-detector,0.0535919432783561
siws-recap,0.051386357768245
mmdb_slot_db,0.0380000374501654
dma-api,0.3819910917090376
redis-fs,0.0407741200410777
libuio-macros,0.0544812785131654
static-graph,0.0603453430249881
yazi-prebuild,0.0566804922369794
chat-splitter,0.0450850197068089
download-extract-progress,0.0755517041764497
riichi-decomp,0.0623208513757799
windebug_logger,0.0475699749987423
mfform,0.0378009653911991
discfs,0.0494332678565945
iyzipay-rust,0.0548618639150992
rust-forth-compiler,0.093972324610992
tsp-solver,0.0416084288189197
cargo-dependabot-test,0.049256156698299
nlist,0.0359180691565598
staticweaver,0.1584426041486026
arkworks-small-values-ops,0.0594113607812695
get_wmi_serial_number,0.0284381272982945
toodee,0.2249937892891721
mesh-sieve,0.0954918311960364
toke-runner,0.0516722411109083
ergo,0.1216735628259692
hdk_crud,0.1125079474284388
martian,0.0821375255099476
uwuify-mdbook,0.0481440479703834
gerb,0.1010071225338192
openrtb2,0.0595850354561557
stm32-uart-loader,0.050643937812851
hwloc,0.3757235783425007
rst-common,0.3996257113443991
logdash,0.0638342721921754
tomba,0.0304349564964299
crazyflie-link,0.1918499456965397
vegetation-cli,0.0288920392267652
rooting,0.1329117379689391
argocd-webhook-trigger,0.0303033813348339
kaleidoscope-focus,0.030024185274473
sysalert,0.0474242824710402
as3_parser,0.3434562963623687
debug_plotter,0.052444242616324
tokio-ssdp,0.0621432525466922
symbolic_expressions,0.4750126867252391
easy-jsonrpc-mw,0.4790031332085963
transientdb,0.0574368017000944
htable2csv,0.0439300931200121
ur20-modbus,0.0592766072503664
cfasttext-sys,0.2716370483976295
sudo2,0.1626084087988061
saorsa-core,0.3435572379198675
wisegate,0.0828383872732785
filmborders,0.086583473431397
waves-rust,0.0947493369286146
crx3-rs,0.0509608768010187
mongodb-migrator,0.1020894594013834
postgrpc,0.071270657523557
cargo-context-ranger,0.0327667137458099
opentelemetry-datadog-cloudflare,0.099583042094496
mcdm,0.0728605052866286
tcm-readpassphrase-vendored,0.1482588523853175
webdriver_client,0.0845235814162099
d4t4,0.0433467023573174
run-clang-format,0.090194809736114
kempt,0.2349168064842829
dmx-serial,0.1231284657595439
zanderlewis,0.0441961754667049
simple-xlsx-writer,0.0634302392891652
f128_internal,0.2955950950085277
hydrogen-i18n,0.0700967992074951
sshq,0.0681048141166708
opentelemetry-journald-logs-unofficial,0.0478552668351291
gnss-qc-traits,0.4086518325775031
trussx,0.1404401243776204
av-metrics,0.6963707292570861
gfautil,0.07881928974965
ut181a,0.071404715923033
eutils-rs,0.0622479886712745
boca,0.0611505918125891
tradfri_gateway,0.049069166158332
velcro2,0.0311987670246073
tgd,0.0388623100134136
umbral-rs,0.0551656765668853
iroh-fake-store,0.0790935507397426
xurdf,0.0711477092782545
oss_porter_cli,0.0368470717614857
leptos_devtools_extension_api,0.045040787971788
cargo-msix,0.0753025836766478
yt-sub,0.104136457752616
openvex,0.0428670978646833
hyperparameter,0.0588144801393874
lsystem,0.1153770213719886
fluxus-sink-telegram,0.0392557457179307
rtl8139-rs,0.0389637084997147
saberrs,0.038234746291064
specr-transpile,0.0686853723874643
to_method,0.4954498301585282
async-sqlx-session,0.0965702585557502
statsdproxy,0.1049654166512508
beanstalkd,0.1664048282782481
parsec-tool,0.1070002622591385
html-auto-p,0.0487459298664912
a11ywatch_cli,0.1479615541276976
yplus,0.0438627976069476
ctrlg,0.1282667956194416
manjoo,0.0336510731241721
pddlp,0.1481623940581433
rs-parquets2count,0.0544498309681616
there-i-fixed-it,0.0369869349293075
visualize-yew,0.0827356593898112
iascar,0.0355851489647764
devicons,0.512303425244343
decaf377-rdsa,0.570726135822393
fury_sdk,0.0435766294529841
crypt_guard_lite,0.0533128566684916
genai-types,0.0485586007554308
oxcable,0.0909111368490443
greenhook,0.0418258954217773
k4status,0.0491993536749935
sfn-tpn,0.0901470467753788
narnia,0.06356766274301
carp-cli,0.1116358762911439
rlrn,0.0719407905406044
give_a_sheet,0.0614305076428938
ue-gitdeps,0.0378479620130426
mystic_light_sdk,0.0984296781916894
urlnorm,0.1781852825673139
cargo-vendor,0.1260974228117246
bluos-api-rs,0.0699859658012187
rocket_health,0.06397674752596
length-delimited,0.055246027668556
typst-embedded-package,0.0554384317371861
png_encode_mini,0.1165293386256358
web-rwkv-converter,0.0415005471416913
data-anchor-utils,0.242811249482848
linkedbytes,0.5439400278640837
kitt_throbbler,0.0574662063242723
disk-based-bfs,0.0422868717152829
fire-auth-token,0.0713021420214771
nh-xml-from,0.0555980395378504
litua,0.0470434916355326
skim-navi,0.1881666642501195
java_decompiler_ollama,0.0323053395098155
pickpocket,0.0427463907695693
brubeck,0.0520404779220907
epics_gen,0.0551438754699124
bevy-paperdoll,0.0836332699427362
polars_bson,0.0437116726745824
rustyms,0.3384760908801469
throttle_my_fn,0.0472682924594654
dominant-colours,0.0615523803851155
casbin-sqlx-watcher,0.0616071205643792
zotero-rs,0.0855402513489392
atomic_once_cell,0.2007054792389478
cbundl,0.0726468208835867
screeps-async-macros,0.0652058893646897
bevy_key_rotation,0.079356328416724
btree-range-map,0.7087354170868327
csv-partial-cache,0.046489365144738
wc_fir,0.0690407302068066
shgo-rs,0.0716388654489066
zinn,0.057836104103499
if-decompiler,0.0376496484414631
cargo-single-line,0.0418167086561428
radiors,0.0864714320396866
bugsyth_engine_imgui_support,0.0588046146359003
extsort,0.3864737244652357
z_osmf_macros,0.1380443714303081
essential-debugger,0.050290624219925
egui_gauge,0.1764969029453647
stork_http,0.0563908467639324
mog,0.031456759351128
epochs-cli,0.0615940386614301
gamemstr-common,0.0447382454912384
lang-id,0.3674726082286699
tauri-plugin-hwinfo,0.1074534566306658
tracing-betterstack,0.0641102357088879
balter-runtime,0.1909898800927135
cargo-todox,0.0438196582077656
actix-permissions,0.0822178496655092
list-to-tabs,0.0291770200913245
greek-meander,0.0675759171042814
kweepeer,0.0672709169049563
vicardi,0.0647606614863455
toml-configurator,0.146387156500786
rbgg,0.0577137438467063
kodik-api,0.08307161215203
l2r0-profiler-host,0.044397215559998
halide-build,0.0487535900881275
piecewise_polynomial,0.0786843168621163
mdbook-check-missing-md,0.0481575449891615
netron,0.083120471514093
structinator_traits,0.0409050435622514
oblivion,0.1003602716595634
base36,0.4516670464089667
neoercities,0.047362162341534
silk-cli,0.0398596255233633
iter_fixed,0.2652893717733114
dxcapture,0.0782263113154668
infobip_sdk,0.0964496405032484
mbox-reader,0.1249781073957197
yocalhost,0.0887024472167504
commentor,0.0627912563283329
quick_stream,0.0518621596061791
nu_plugin_jwalk,0.0937835604863434
prose,0.0682780848959551
kiss3d-trackball,0.0861552939283059
minecraft-essentials,0.0756114725775742
moz-cheddar,0.0489327269676729
rgeo,0.0774532877040582
axum-static-s3,0.109211329882143
cftime-rs,0.075313275489654
tigerbeetle_rustclient_tests_snapshot,0.047204783572683
jintemplify,0.0825288416425102
ibmcloud-cos,0.0824917501792437
iwlib,0.1232405492600144
gd,0.0399918783656526
ami-uploader,0.0324321708252099
adblock-rust-server,0.056138717671453
cookie-factory,0.8049809054725449
nodesty-api-library,0.0896211715812042
kinode_process_lib,0.1231607088744721
swc-export-order,0.0358293391016838
furse,0.3174497842003647
v5-brain-stream,0.0382077569731465
lazy-static-include,0.4014775836042369
encdec-base,0.3848183873058369
leptos_transition_group,0.1224965664475404
ablf,0.046002077243897
keratin,0.0815548367958221
tcn75a,0.0342968188246526
yarn-lock-parser,0.4069412831064729
octopust,0.0854021001197184
gree,0.0395457867029575
dencode,0.3137308462831181
geodate,0.2339449705883514
fid-rs,0.595228408133882
cloud-hypervisor-client,0.3361888649352716
newtonls_faer,0.347786474589134
obofoundry,0.0413499368384764
karrot-permalink,0.0330922952611958
ots,0.0716528949987025
memx-cdy,0.3660405000921803
futures-bounded,0.7355354998866165
pdf_process,0.1785519210876419
timelord-cli,0.0639054864158843
hecs-hierarchy,0.3129178575737292
print_bytes,0.5590640857715901
turbopuffer-client,0.0662897671621992
agentic-coding-protocol,0.108326475160705
twitter_text_config,0.2645429065778149
wireless-regdb,0.03206438080766
axum-wasm-macros,0.1681511818966108
quinn-noise,0.0855330211833281
nu_plugin_explore_ir,0.070931954068267
souvenir-core,0.2636671114546385
juper_swap_api,0.1331960536444445
iokit-sys,0.4263222953930177
aminus,0.0605757769509223
logrok,0.0827809555376881
knxkit,0.225289459069909
ripissue,0.0658573702240603
polars-formula,0.1171844691305954
outdir-tempdir,0.0535626711051826
buddy_client,0.0541730499389044
situwaition,0.0701528360251223
rustymind,0.0637967786416443
mc-attestation-verifier,0.3870625833666539
sorted-iter,0.3806877024793653
lrcat-extractor,0.071381495715905
bevy_procedural_audio,0.0564568877964345
slice-rbtree,0.0431914856483073
task-group,0.112971002463568
frozen-hashbrown,0.0736299329738953
mini-wormhole-cosmwasm,0.030964251918418
dsn,0.3481738951332029
dioxus-animate,0.0880017881975129
cj_common,0.0822123776580881
trybuild-internals-api,0.3632225559268812
libparted,0.2380801070595239
sl-rs,0.0433716322207455
http_digest_headers,0.0317307615336066
teyemer,0.0528881149277083
tagged-rendezvous,0.0370448880373816
warrah,0.0553039028588229
resid-rs,0.2017778790219326
egui_fader,0.0471777953109201
cargo-config,0.0535873656651724
pingu,0.0675971823073447
tauri-plugin-centrifugo,0.0936620479717456
bevy_contrib_colors,0.0480322187792706
tower-hyper,0.2758162510970552
rustainers,0.3797261060074659
arwtojpg,0.0347216644203304
cargo-commander,0.1248977690337882
per-thread-mutex,0.3221694089444132
near-validator,0.109473126317714
config_watcher,0.0851726937051035
aiven_rs,0.0895994126094348
axum-safe-path,0.0785307618154536
volition,0.1949772561387874
aocr,0.0619719993308367
hpm_isp,0.0517776608245488
macroquad-canvas-2d,0.064490924267273
zix,0.0467012052905677
kube-eks-config,0.0660565259967916
iup-sys,0.1008300720293696
error-iter,0.3153358236376746
cborpath,0.0595689415628839
mdbook-keeper,0.1068593243239797
cute_lights,0.0799449546490745
bbd-lib,0.2192403793767375
neotest-docker-phpunit,0.052816248110205
cromwell,0.0796378678202725
fts_depends,0.0349075669395552
sans-io-time,0.2469275663866103
bevy_event_set,0.0469535724214363
swift-precompiler,0.0585390938514517
bevy_stokes,0.0494806998175145
bardic,0.0621437360001551
trie_rcv,0.0552270483102991
pwfuzz-rs,0.0360535788755039
seo-site-checker,0.0327835506130723
jiratrack,0.06398069458989
leptos_sync_ssr,0.0735502608533065
gourgeist,0.0518258528580092
hpm-rt,0.0543655184510518
cat2text,0.0320960074640693
shodan-client,0.0675784268595571
gen-api-wrapper,0.0632966443766084
deltoid,0.1868429255756714
needle-rs,0.070793653289209
stdin-to-cloudwatch,0.055524406883992
vlcb-defs,0.0287730561916153
e-nguyen,0.0563440056268954
slab_tree,0.3147801443609097
ruvchainctl,0.0337328573417223
dswt,0.044027788781467
rustmann,0.1361484736325168
fenrir-rs,0.0852608522151464
sdoc,0.0543680210605421
bevy_flame,0.0455843644962288
dace,0.0426520310721387
of-vscode-project-generator-rs,0.0646672180026815
zymic_core,0.1210153496985729
cloning,0.0617888127841708
crnlib,0.0344203996043905
ggufscan,0.0425998067540329
warp-prometheus,0.1056076940600546
amiga-starfield-generator,0.0281830136799417
cliflare,0.0915695677477027
gim-config,0.1059257714959263
image-match,0.1354771707603457
verglas,0.0968766486362211
moq-web,0.0988229966264022
sdvx-controller-firmware,0.0378826373930953
riffol,0.0559064477333875
purl,0.5762410604255351
serialize-to-javascript,0.7501794304938907
roxygen,0.2017656453656784
tplink-hs110,0.0350743549614248
tamanegi-error-impl,0.0406345231020368
wrtype,0.0685499470127041
optopodi,0.0456885931799118
image-dwt,0.1756763663629127
boost_filesystem,0.0701715440418242
prefixload,0.1360624263649458
debounced,0.3724321188568093
envsubst,0.4847889843928726
updpkg,0.0439294480902569
ghostfat,0.0568065718836782
async-event,0.6139563913799793
modbus-robust,0.1832267707802912
derive_state_machine_future,0.3209489916654391
jellytui,0.0656741430799726
brewdiff,0.0468562400040738
parabuild,0.1028067443371447
go-server-rust-sdk,0.0740881558075549
origin-sdk,0.0588995809344508
rustmerge,0.0651429436461275
boilerpipe,0.0639687278987913
dump-motd,0.0304516076683699
draco_decoder,0.065217798657554
match-domain,0.0394106045400261
fenrir,0.038177598695072
tree-sitter-awatalk,0.0328420183968861
codemap-diagnostic,0.5268764208796511
int-seq,0.0497438275021602
openscad-language-server,0.0442606564227047
kvm-ioctls,0.4784972134965827
pm-bin,0.2509888594699088
s6-config,0.0444058617292289
range-traits,0.6553949589841586
sherlock,0.0771450097163552
pallet-feeless,0.0509280921506775
tower-sessions-dynamodb-store,0.098174062253618
mylibrary_,0.1389471430099096
coreos-stream-metadata,0.0962937126686444
mcps,0.064319927430949
ssh_cfg,0.2458199313591022
io-extras,0.8138784369257285
darknet-sys,0.0947017992859177
amiibo,0.0344922538208474
gtasks,0.0702681712056315
bingogo,0.0422355651915436
ninja-metrics,0.1099930762493276
bevy-progressbar,0.1017711254514297
cargo-set-version,0.0872678961574414
noez,0.0565239167178628
kubectl-watch,0.0968928718966264
gldf-rs,0.2851530988442253
cargo-intraconv,0.0608313037165919
kdd,0.0967572563099887
ast2str-lib,0.0848831241274327
year-helper,0.2161675045022748
async-duplex-channel,0.0494565699690956
surge,0.0611042065067811
oasiscap,0.0363521062393823
availability,0.0564238146814862
jqesque,0.0480833612448806
osu-lazer-manager,0.0521156219082904
uscope,0.042202277605085
high_precision_clock,0.0506468535687151
ch-grafana-cache,0.0456564264734707
tray-wrapper,0.1150324581099562
dirdocs,0.1119645006032465
eio-okta-sync,0.1124656854310924
easee,0.0425489123083046
bip38,0.1857573849315257
menhera-inet,0.0533349053276631
switchbot-api2,0.0637321786487307
fgbfile,0.0860640274068449
timi,0.0537837196560764
shellcoder,0.0368197803027892
remote_jupyter,0.042678992698486
pyrinas-server,0.0518491485070373
axum-body-split,0.0339120843269509
spicat,0.0385026540874261
oi-pkg-checker,0.0491432328211264
config-items,0.0665819179820566
gtinny,0.0357992467110078
winconsole,0.4212332105233667
permutohedron,0.4843913749657129
uftwo,0.1060042790607101
pads,0.0470822973807614
topdon_thermal_rs,0.0610939045364619
acridotheres,0.0595481095556113
axum-accept,0.0796628702513556
macsmc,0.0623866029738453
snowcap,0.0709279420227249
owned_ttf_parser,0.7638721590799971
qhyccd-rs,0.1283935681221731
rattice,0.1060649970001452
blukey,0.039170025643676
pipe-channel,0.1137636687182825
seccomp-stream,0.0391461503873272
forge-deploy,0.1050948936501631
jproxy,0.0926688611050104
jito-client,0.1125488216064146
bitsrun-lib,0.0955084036730746
tesseral-axum,0.0919696151156675
lamcal-repl,0.0670504816794652
test-notifier,0.0428999986529258
timed-option,0.054369732545032
xpx-chain-crypto,0.0815121545051569
bevy_houdini_loader,0.0548121297555457
four-word-networking,0.4110775150713328
azeventhubs,0.1497923487347502
llm-weaver,0.1089101578883569
cf-access,0.0514853352683897
cryptol_client,0.0381462920133643
secure-session,0.0870815386707146
identity_dbus_broker,0.0920629464232062
factori-impl,0.1790551844377301
dcpu16,0.078947520918414
tokio-sunspec,0.0455131519894065
openmpt-sys,0.1124765721609869
pdf-core-14-font-afms,0.0276533682736468
naughty-strings,0.0453692298987134
pts-news,0.030984682623584
async-minecraft-ping,0.2519365477795907
phog,0.0368130121156174
build-alert,0.124619155276375
mdbook-tailwindcss,0.0444274681679429
reason-shell,0.0926853838408682
bumparaw-collections,0.1407598668760849
jpostcode_rs,0.0548798842677617
fbx,0.0844037147439111
italo-api,0.0432656786186854
spatial-decomposition,0.0624361931457354
tvrank-cli,0.0925841583017388
cab,0.6386234478423258
onyums,0.1246520477456066
actually_beep,0.0876863033278106
gantt_chart,0.0892020240881051
burn_dragon_hatchling,0.0916704200214087
input_yew,0.1510881063247876
what-rs,0.0673822597767944
e2b-sdk,0.0564273716052456
tenthash,0.294477016086505
dingtalk_robot,0.055026311321266
pm22,0.0470460599339457
bayespam,0.0562877896417087
github-inventions,0.0390474074695564
midi-convert,0.1979483300978282
tracing-unwrap,0.4326794910373582
webscan,0.0767750887128579
camure,0.0707912513354796
axum-messages,0.2422786908834077
s3rename,0.0449221738615023
reconciler,0.058694090300481
ur20,0.1134094800904367
phargs,0.0393698588508038
pluto-servers,0.0306853511236976
tree-sitter-pony,0.0551937332623755
weathernoaa,0.0942038053072037
querystrong,0.2041122357312424
io-addressbook,0.0616966757985499
is_empty_derive,0.3344908125161126
mt-dom,0.1044569245591883
ostium-rust-sdk,0.0437966384165867
eos-runtime-helper,0.0746670923370178
build-bpf,0.0572066963938012
tree-sitter-adl,0.0999310597716653
poit,0.0449896335788668
aarch64-cpu-ext,0.3505846474102613
gwrs,0.052074802502354
flutter_web_hasher,0.0386501764847266
getfileicon,0.0738684630175924
similarity-ts-core,0.046604730113304
message_db,0.08615496337028
sysctl,0.7523038967095683
bindle,0.1301150045785031
cryptoballot,0.0655331004862103
peeking_take_while,0.4796551946956477
hlua-badtouch,0.2485096627970416
b2m,0.0773104848205828
tide-http-auth,0.0796182845924874
appstream,0.0656655179061268
parse-size,0.6122193990569295
git2mail,0.0873857349701684
two_timer,0.3648264879330992
ruut,0.0617300018781906
ant-releases,0.4512559923201924
signer-stronghold,0.0816269513030833
chan-downloader,0.0935649479151403
snm-brightdata-client,0.1343758275772952
insrcdata,0.029517033805132
go-parse-duration,0.3966442282704223
octez,0.0406486723069951
ohlcv-ctl,0.0428408812976171
cargo-memex,0.0555872638461333
pc-rs,0.0448286685457953
hi-nvim-rs,0.0530211835268218
kucoin_api,0.2240085397945647
cargo-clicker,0.0520359479986195
bevy_kill_my_cache,0.0779888019396815
favicon-picker,0.1088394875663676
yew-fmt,0.0755698643165938
perf-gauge,0.1170240194979181
hokaido,0.0470066168450602
libswe-sys,0.2742019370633926
rust-libretro-sys-proc,0.2132192563859946
xdr-codegen,0.0851162623147721
lykoi_data,0.1701827652051339
safe-string,0.186151288114291
rpkg-rs,0.1688748868914553
tracing-durations-export,0.2815656760488997
ptv,0.0879531885918795
chrome-sys,0.3606155331401164
ort_custom_op,0.0608808068777423
redis-watcher,0.0933502798496186
johnston,0.0338688210479587
peeler,0.0569013985669344
trading-types,0.0674963992750061
restq-http,0.058905915811349
whipkit,0.0511361822570428
nestboxd,0.0273693817219065
rating-graph-processor,0.0356117810842978
preproc,0.0489413336650744
text-file-sort,0.1818494687258391
chu-liu-edmonds,0.0318031824843335
lll-rs,0.0382039146504297
termsearch,0.0588441843820768
mr_socketio,0.0557328434633749
cargo-harbormaster,0.0291489100566874
mila,0.0480445820000071
argminmax,0.8101029843562982
serde_hooks,0.0370200201305882
equity-scanner,0.0492127826788028
inwelling,0.0634635629156667
lorikeet,0.1399127657873965
ddb-core,0.0820118634478639
cli_engineer,0.1095482473997221
twisterad,0.0439078650283457
fur-cli,0.0972557930533813
mlzlog,0.2922583949815535
recursive_reference,0.0344412351636044
dag-jose,0.0671443225734263
egui-neko,0.0541165238821794
reusing-vec,0.1911943836422223
rnx2crx,0.094848088572522
clp,0.043937577088832
dawars,0.0504423077207702
stellaris-launchpad,0.0409589256009861
wall-a,0.0524374501134513
aocf_cli,0.0970097150725286
com-croftsoft-lib-animation,0.2003452929179918
cc-args,0.0295789881646399
mpl-metaplex,0.1045031492560239
mbox,0.1525416887939347
pegasus-ssh,0.0986828721674977
libtelnet-rs,0.0743518241802394
mess_protector,0.0273036727300443
bath,0.0573134331753074
mdxtree,0.0378675515811776
libdivsufsort-rs,0.1903796225134811
user-idle,0.2968502901140562
galerio,0.0715452148871082
elp,0.0556233227534225
embedded-picofont,0.0379644448825955
tapir,0.0418880720179181
fn,0.0763320541357993
plerkle_messenger,0.2550618869806648
doorstop-reqif,0.0463972770318358
containers-image-proxy,0.3859335560973109
blkar,0.084777122815443
canonical_host,0.067387756468115
webly,0.0801293415081718
win-audio-devices-cli,0.0449409281039332
petgraph-gen,0.2316703874359756
serde-humanize-rs,0.2401022617052008
axerrno,0.4621063538350236
pchain-world-state,0.0481700734220199
nyar-collection,0.0393287235809994
checksec,0.2794220783042772
tokio-bitstream-io,0.2397916181739157
async_static,0.2560813254261204
shizuku,0.0983217810489595
sextant,0.035929727356502
ib_tws_tokio,0.0776222787041348
revaultd,0.0709192828613778
secpar,0.0564368154337914
stupid_utils,0.0690943030952215
bevy_b3d,0.0679441983472754
kn0sys_ndarray_rand,0.0533605815271014
phoenix-circuits,0.397765928879335
e_ai_summarize,0.2516427845794859
cargo-source,0.0532776301089776
cudd-sys,0.0975834503298454
askama_web_derive,0.3632072238767747
simulink-rs,0.391108247753468
newdoc,0.1035203851358643
checkpointq,0.0366397624083724
convchain,0.0271379072160726
groupex,0.0304377441297267
tracing-kickstart,0.0819330886096699
porigon,0.0451231080956563
zkli,0.0533145124409186
randar,0.042041532891566
starsector,0.0579249210164628
reference-browser-gnome,0.0285043219067713
md_ol_util,0.0363504079814593
physpatch,0.0503745705083361
blockscout-tracing-actix-web,0.23134428475438
yore,0.5007091173261952
tower-request-id,0.0984042790818368
sensors,0.3111011837853611
tree-layout,0.0603040614884906
compactor,0.0439316183266123
egui_clickpack_db,0.0870319001953684
mpd-filters,0.0312951455791757
monoverse,0.0788352075567069
umash-sys,0.1789535978175315
r-idcard,0.0602795674962263
cargo-fetch-source,0.0850663434212047
conze,0.0844591656677006
force-send-sync,0.3851312649719605
xlsx-diff,0.0539037546890795
reformation_derive,0.2269655688734788
kinesis-firehose-producer,0.047673031658647
bevy_despawn_with,0.0865731156769593
aristech-nlp-client,0.0900980585177752
mangrove-engine,0.0567431168336557
gluesql_shared_sled_storage,0.0918560444295611
scanner-soundboard,0.0486042897815318
waveform,0.0410118582761478
launchdarkly-server-sdk-evaluation,0.4163371958925267
delay,0.114695341732026
withd,0.0614814406241676
spectrusty,0.1303654772859871
betty,0.0488045037415869
zemen,0.0489110438846809
rustbam,0.036109075642457
contextify,0.0432299355299915
dynamo-subscriber,0.0456424749716493
aez,0.1413294994850432
recall_fendermint_actor_timehub,0.2323526484638485
thingz,0.0390279899095237
canvasette,0.1758215252226012
gtk-egui-area,0.0544061645539654
imp_int,0.0634325827498547
k8s-netinspect,0.0497306176949053
snailcrypt,0.0514109917795855
derive-quote-to-tokens,0.1726652114393591
solana-trading-balance,0.0717586996780368
wasm-rs-dbg,0.3388708129797656
mirror,0.0968894200430519
zeppelin_core,0.0409855873631101
geo-rasterize,0.0999032141107185
cert-dump,0.0828847450951871
djotters,0.1393787771215669
mime-db,0.2462073090765892
lapsify,0.0505213295940224
airinfo,0.0324959340529629
libipt,0.3394747761199558
markdown-it-lazyload,0.0319500643261971
uniswap-lens,0.4143210934817068
metatype,0.2677608387594671
search-in-terminal,0.0788501993178608
tracery,0.0639625213499419
cargo-color-gen,0.0590551080660003
banyanfs,0.0703888992250189
html5-picture,0.082695187827702
space-traders-api,0.096266843638458
messagesign,0.0734330417398059
whirlwind,0.0588232532905162
abrute,0.0789437648027712
stream-rate-limiter,0.2843260380683234
qs-lite,0.0306942105517647
gtether_derive,0.0512258369717341
ampr-api,0.0404634713669096
reco-forge,0.0591571941466129
hyperfuel-client,0.1027829140052998
encryptable-tokio-fs,0.1870899529148014
freqfs,0.4257602179086538
usec,0.0678753106843181
libhydrogen-sys,0.1378946773740717
yandex_pay_api,0.0745408278931321
claude-utils,0.0905118959639762
unfhash,0.0382083473506134
strontium,0.168531152809689
is_executable,0.7986360992788203
promquery,0.0585335899071352
xdbm,0.0824258821318503
io-plugin-macros,0.1250803214197045
bigsi_rs,0.0325606831696409
docker-container-log-streamer,0.0281323382612862
bevy-gotrue,0.056031660094674
bevy_tweening_captured,0.1156774470918616
ydl-lib,0.1392927660011375
jwt-claims,0.2054426745433476
bhg,0.0429253366312791
unbag-rs,0.0689960727227936
erosbag-core,0.2843111185302546
dynisland_script_module,0.1129689542617608
sh-builtin-common-util,0.0688660313010943
thought,0.0539082170093059
jdexmd,0.0693398130108432
license-api,0.0973223123772193
crawdad,0.2570861585990776
pdf2pwg,0.0702027165627137
zeroten-denote,0.1230803398751371
flyway-sql-changelog,0.2300440012451665
mdbook-force-relative-links,0.0664479989005575
txtpic,0.0652387341272914
polygon_io,0.0930226104248696
google_pem,0.0322520784872977
web-sys-query,0.0481907793656434
alphalpha,0.0263246528203356
dd_statechart,0.0461193754287036
webmocket,0.0778443275261395
autotools,0.414796616666187
pfile,0.0428814509552893
blobsum,0.0284619270032502
tensor-amm,0.1780489850396908
zap_api,0.04716348989734
sido,0.0459781064241139
fakes-gen,0.0729620538476234
igniter,0.0447022365950273
ux-dx,0.2870434717954627
algolia-recommend-rs,0.0929874316535871
async-log-attributes,0.207379738721011
limine,0.2804361882281823
q_compress,0.2529229133635421
tagparser,0.1446804028864906
catflap,0.0334731406484988
replic,0.1222372177300465
swapspace-api,0.0322578675457315
handlebars-repeat,0.034373205821665
prism3-value,0.1862760772398703
makeppkg,0.0361214092058707
karak-contracts,0.2651837208875328
pretty-print,0.2080509072831232
valog,0.0640495799487101
langfuse,0.0863172812266571
glowrs,0.1053421775303709
ergo-node-interface,0.1050433690063988
bevy_mod_observable_timer,0.0687784942607651
candle-ext,0.1239558125323463
novault,0.0809584764269067
eashy,0.0596971352950463
htrpc,0.0736044178002161
axum-cbor,0.2421212380337164
ptail,0.0397786155848905
passivized_test_support,0.0923321308937939
terrars-backblaze-b2,0.0654702779480535
echo-comment,0.0566858905064786
serde_url_params,0.5266278616311232
unifac,0.035350479779461
pdf2image-alt,0.0529468138565634
qmkfmt,0.0625709680625079
mdbook-protobuf,0.0810490495988895
soupy,0.1641505861532546
hack_asm,0.0562350867155815
libsts,0.0409374020488893
cargo-gha,0.1060443222328852
tubetti,0.0941748965370644
tokenizer-lib,0.2689788885337578
message-sink,0.0433399624010424
compile_time_ls_colours,0.169626078494018
tracing-attributes-http,0.0417161514160697
wpe,0.0780112648916021
mecab,0.1970808152250852
webex,0.1111246545510173
vga-figures,0.0449662770237851
conditional-mod,0.4770296568468631
pie_chart,0.0447822611177063
rnapkin,0.0762032518336838
fpd,0.0573485046450164
sigchld,0.6666719545526872
codemap-cli,0.0675338008927714
essential-check,0.3508192373480568
umo,0.0497360535466737
deadqueue,0.5467686187218306
try_tup_to_arr_macro,0.174829281827452
nextup,0.0456743777869871
clickhouse-srv,0.0876800775328987
mdbook-angular,0.1241997362234771
foxy-io,0.1381977329307548
iscp-rs,0.0720202671212699
bdf2,0.1340216518461331
cpr_ihex,0.0893986110451725
run-ctags,0.0486048241780659
rust-jav,0.0633195486805747
rust-dropbox,0.0875377318171935
textwrap-cli,0.0645243790967037
tnl,0.0362702266519944
notemancy-server,0.0347528198869221
pep-508,0.2204299314126478
rbspy-testdata,0.0757075755909722
env-vars-to-json,0.0445764840414561
iguana-interpreter,0.0375703926430689
precis-profiles,0.4389402114190252
mpl-cli,0.0262103089723008
tauri-plugin-system-fonts,0.0851436984430448
tensor-whitelist,0.1317631758029901
radix-heap,0.4336456886820941
bevy-convars,0.080324756738123
rudderanalytics,0.1221668145141913
buildstamp,0.0560180273370106
rs-avro2jsons,0.044831571338651
mobc-lapin,0.1551417375460561
signalk,0.1416525144890077
panrelease,0.1068687869788621
robokit,0.0437031049276806
scrolling_window_pattern_matcher,0.0544583013862684
rust-vector-logger,0.0816466423644705
proby,0.0773045453464717
tracing-gelf,0.1203967090080383
crashie,0.0553894253770617
mudder,0.028612731676983
fluke,0.042372276120063
clean_dynamodb_store,0.0667337812487744
cargo-workspace-dependency-checker,0.0729220173345847
headers-accept-encoding,0.0586139704083357
ta-statistics,0.0800749341059174
wasm-nm,0.0378068225462946
alchemy-styles,0.1782315007407104
lsql,0.0966288949784672
waitq,0.2126254324658842
geoq,0.1173552066815179
texman,0.0390536754151612
ece,0.4440997755821201
oidc_verify,0.0606306102212719
gstring,0.2414003919614229
solrcopy,0.0810691240915041
artimonist,0.0888913958900623
declio_derive,0.1184263549900147
evoxel-cli,0.0561556563739017
gnostr-command,0.0407983759638168
a-puzzle-a-day,0.0524021464620798
rinf-router,0.0764321527462662
mist-lib,0.0265299338895834
minidx-core,0.2254772092514853
ftabutil,0.0389051681738909
bitmatch,0.426848456564451
handlebars-inflector,0.129873673817019
tower-image-xform,0.0344525564531974
flare-dht,0.1833477621660211
etf-crypto-primitives,0.073995622131247
prettydiff,0.6225673941638086
adafruit_motorkit,0.0439921424653677
cflp_macros,0.0604116717273683
mimic,0.0848381840285035
tv-renamer,0.0797135406900426
jinja-renderer,0.0666883942054919
cargo-sdl-apk,0.0547556038934042
rkit,0.0865977007773337
shadercanvas,0.0515416116979546
wait-for-internet,0.0345067958961558
na,0.3888988033929429
secret-toolkit-notification,0.1588168955976478
obfs4,0.040376043227173
ontime,0.0772835213559567
rmemstore-messages,0.1367599574302598
api-client-macro,0.0659774786589769
fluxor_cli,0.061984139991218
asimov-imap-module,0.1077754792431823
bassment,0.0615659680032387
raw-stdio,0.0436593212027447
csm-rs,0.2673472189455294
rofi-taskwarrior,0.0515420553603398
bevy_minibuffer_inspector,0.1207937929534833
mdsecheck,0.035994704479581
bevy_child_window,0.1526692245437582
xdg-portal,0.0499743281556669
rs-zips2meta2parquet,0.0645901431147958
esp-hal-dshot,0.0589310393035069
cni-plugin,0.1222648674585065
docker-bisect,0.029571045878599
subalfred,0.0971524810947159
three-word-networking,0.0705274033883959
rems,0.0917194602649255
fast-walker,0.0780293707952657
mx-chain-simulator-interface-rs,0.0298004687485265
leptos-helios-components,0.1262205536706869
git-wait,0.0451175396888299
monome-rs,0.0745884404435421
async-fred-session,0.0873940156572071
treemux,0.1007114195925786
bbeats,0.0413464783984093
unscrupulous_derive,0.0723147531135541
nu_plugin_secret,0.0993396697567714
sloggers,0.542135919430897
isbn3,0.0436610590372403
bili-wbi-sign-rs,0.0373765403238753
rdcl_aoc_helpers,0.0333601258358902
fast-nnt,0.0811555539402009
async-sea-orm-session,0.0833268756353554
continue_stream,0.1598660047470546
macroquad-lua-cli,0.0315957107239328
user_info_middleware,0.0351655061605772
sec,0.2762037366447403
tracing-print,0.0860307702224585
slackrs,0.0629917979134861
rango-sdk,0.0351198529262816
si_trace_print,0.2089770587896748
blackd-client,0.0451668826263668
hydro-analysis,0.0498504370539259
deepinfra-client-rs,0.063040260706872
template-switch-error-free-inners,0.0376768293184882
macos-app-nap,0.0306595524833892
aconv,0.0458911740802272
cacheguard,0.0924769877602288
server-runner,0.092576486111625
confignet,0.0373849007492029
tf-provider,0.0935015330803558
intecture-api,0.0391288473351387
sgp4-rs,0.0882775593266707
redlux,0.064980060775029
printable-shell-command,0.171867748929826
maplestory,0.1055262145589812
future-eyeballs,0.0532043791613666
cdylib-shim-macros,0.0838189183514658
spreadsheet-to-json,0.0876131150799558
gleam,0.4826888782569278
gpg-error,0.4307310074290897
rust-gd,0.0527135828786117
pyrus-cert-store,0.034343351872558
moka-cht,0.0687282753550996
xgolib,0.0401392811769926
buns,0.2447840100548625
fetsig,0.1165188474003408
git-testament,0.5183252477957594
llvm-ir-analysis,0.1066287193031279
barkml,0.0840838713440061
cgarena,0.104268173005024
riscv-slic,0.3323759035227549
kbo-cli,0.0636737133009858
draco-rs,0.0765298155475901
zffacquire,0.1052541107027611
transact,0.3963660252323508
burnish,0.0364860516243378
bevy_generative_grammars,0.0510517117273603
pidtree_mon,0.0707062427348477
bogrep,0.1124489199072588
swim-rs,0.0526990745691738
runway-rbx,0.0783557763106143
mpmc-scheduler,0.0471881244111226
libp2p_dandelion,0.0620499849251597
commandspec,0.0951611950558533
stream-window,0.0406200882830732
futures-time,0.4776699683615949
macboxx,0.0570530573254106
optipy,0.2887015160568096
continuous_density_estimation,0.0418595706941469
parsswd,0.0572948846725071
syn-file-expand,0.3684520485251699
revitcli,0.0712659570521506
sequent-repl,0.0290968307626005
typed-sled,0.2733658945710492
mv-norm,0.0370947265521663
epoch-converter,0.0733692459440559
bounded-vec,0.708305572009007
syzlang-parser,0.2673923632767603
rustypath,0.2691679076464962
vcd_io,0.0629747312248095
ecies-ed25519-silene,0.1300736101986575
prometheus_web_exporter,0.1062369594048202
domcom-form-manager,0.0271855621904371
hajime,0.0850827899924855
mozilla-root-ca,0.2692494981644687
criner-waste-report,0.2483356122604097
dogma,0.5695452837245557
switchdns,0.0606146835859965
xoodyak,0.2492852794641726
ginfo,0.0296162838937072
ebur128,0.4512703619103023
reductionml-cli,0.0398985644231021
generational_vector,0.0379399291184774
bevy_hourglass,0.0796630382913167
wasm-bindgen-externref-xform,0.3081347239625678
rapido-core,0.0924245348359561
vulkano_maybe_molten,0.0394376853932854
tcod-sys,0.2490629284886741
vikos,0.0430515867745555
secret-service-server-rs,0.0655815838819372
gfx-descriptor,0.1530680825617842
metabase-api-rs,0.0824919980791012
apivolve,0.0432562673460655
mdpage,0.0710234519238081
oytr,0.0606559865349582
serde-this-or-that,0.4407584063433669
ndarray-glm,0.056736889094759
bscscan_client,0.0352985419678261
rate-limit-testing,0.072921406846763
bitnuc-mismatch,0.0403342068052132
simple-plot,0.1319972175234921
demonsend,0.0555635247617223
bevy_device_lang,0.1960141536985949
rocket-slogger,0.1070918801751862
noel,0.0264283352331288
unifi-network-exporter,0.0647264025836032
mikufans-proto-intl,0.0417875713794754
librepology,0.0384671400085275
refuse-macros,0.1261427688223563
axum-restful,0.0939763337543752
cutup,0.0645261820773112
pwrzv,0.0708345103704785
tg-test-utils,0.0847706552633407
oxidizer-entity-macro,0.0647854157198159
rstack,0.3897643910308155
iprfc,0.2704308733971845
termpet,0.037464459051766
web-service-epoch-axum,0.0903160706610721
bevy_more_shapes,0.0687562792326186
fsbex,0.0539389769278207
k-lock,0.3057207248275325
mavlink2rest,0.1005723077090821
dockerdump,0.0310189355732597
icarus-cli,0.1367705628077843
nano-ai,0.0323164514241531
solar_ha_processing,0.0338911271262997
aki-json-pick,0.0708688874669483
cres,0.1037250158195921
tokio-linux-zio,0.0394226502834911
bintex_derive,0.0390377611513677
ftl-sdk-macros,0.1204756556978973
atomic-int,0.1376719860704684
cha-rs,0.0284406352898977
rship-skaarhoj,0.0470731947682635
chessnut,0.0321139703993323
email-validate,0.1054792036148894
duca,0.0553962925500056
meteoritus,0.0763834989426274
bb8-tiberius,0.48837204175137
natord-plus-plus,0.1891461123356951
search-gwas,0.0330568036937821
steamclipconverter,0.0477805901801134
dfkit,0.0568736408086264
jobby,0.0607507611611208
memgrep,0.0371577577328828
cairo-args-runner,0.0849705132462796
libmdbx-remote,0.2825554832006853
speech-synthesis,0.0972227591630483
signal-backup-decode,0.0901904083734862
tinydtls-sys,0.107856484993427
kernel-density-estimation,0.0952938132745306
mwc-bch,0.1854192388494119
pidlock,0.3463328650315319
censor,0.2229761086521371
unc,0.103548839790203
person-sensor,0.0361904507751092
tidy-json,0.0710009810253545
jsonxf,0.4649767998859329
txtv,0.0582059162619199
endpoint-libs,0.1277192791221105
gopro-controller,0.0662927205901397
sir_ddft,0.0262970758316826
theta-flume,0.1918325522305824
db_ip_macros,0.1893542697072003
akli,0.0435035090059746
zernike,0.0332918328764211
cqdb-sys,0.2181163846617018
gddb,0.0536141619828305
namecheap,0.0407342182617289
smmo-api,0.0348332885927251
tokio_util_watchdog,0.0650882992580074
guia,0.0729923595752119
mtr-ng,0.0919693773418684
xml-log-scan,0.0533607975032668
asyncapiv3,0.0905392747003403
anchor-modular-program,0.0416168730389565
rhai-env,0.0485674414869942
g3fc,0.0649524579326919
chia-seeder-light,0.0560358689137264
prost-simple-rpc,0.0520468551610385
upstash-ratelimit-rs,0.0609275943526635
bit-digger,0.0457697124608555
bouncinamation,0.0383433495097942
mathjax_svg,0.2437266800399421
arduino-run,0.0319640172820696
power_flow,0.0539074423010694
blockless-sdk,0.1927709030613824
root-io,0.2306882838455757
cpm-rs,0.0355871332932441
lastlog,0.0606885202266073
trice,0.6250205361010465
pixlzr,0.072175586394843
openapi_tools,0.05549769102485
tokio-par-util,0.0972989110848671
poset,0.0370055585580181
bluenote,0.0754007918555999
rserve,0.0793400622167812
flood-rs,0.3617839784577343
rabitq,0.0576288758790618
revc,0.0445082076694155
vst_window,0.046119735608912
ifstat-rs,0.0592537763032749
wc-parser,0.0488390629600282
serialtui,0.0651703679884147
chord-composer,0.0578429619502675
rs_infras,0.1030102813407526
ghlast,0.0509512841621666
untis,0.1173318883886092
bitslides,0.0369538205626103
aurum_actors,0.0514246945389215
mio-pidfd,0.0604939968250255
loginmanager,0.0760622581548562
tique,0.0747329329968757
nid,0.4023485313929519
unflow,0.0484236895541093
audit-layer,0.0400283876985705
rabbiteer,0.0708533187539311
image-to-oled,0.048853698671197
immutable-chunkmap,0.5820701002559117
italian_numbers,0.2244581161077997
rust-freely,0.0479966434460007
cargo-autodd,0.0878924120696788
protocol-traits-plz,0.0759612258619106
dxf2image,0.0437603973105299
wamp-core,0.0687371721252214
sessions-cli,0.0487539600199718
appit,0.2388115706294399
ontio-std,0.0488092525373627
solvent,0.3289342734601128
interpolatable,0.1848547057598114
ask-sh,0.1049416122792659
futures-cache,0.0877405408977493
dedent,0.0409230046947585
way_back,0.0607130848065961
ark-scale,0.6365604853793231
sorted-insert,0.2728219525106109
binance_api_async,0.0909947257998174
harborshield,0.052626594182453
genapkbuild,0.0415394550781146
pride-rs,0.0830788412079371
dcl-http-prom-metrics,0.0622450802003057
bom-buddy,0.0559717407095633
cargo-rio,0.0329167509420222
jiggler,0.064463610014464
html-helpers,0.1634075491036945
chord2key,0.034281508218375
marine-rs-sdk-test,0.0981999388841986
ccn,0.0418241867023896
mock-io,0.0707287950200488
bevy_foliage_tool,0.1103835030214979
sqlx-migrate,0.2070494353097242
xalloc,0.076427024593688
modfile,0.0378342977083325
ampsc,0.1614053829077414
cargo-languagetool,0.0900067558788554
qalam,0.077606084494473
lk,0.1090112652951038
spdx-expression,0.4591600728625999
rusttwald,0.052227564336339
asimov-qdrant-module,0.0464157514288995
template-switch-statistics,0.0575491622287734
vast4-rs,0.0376988241019756
yellowstone-block-machine,0.1194787531317689
mcp2003a,0.04208741748221
tiffwrite,0.2004433085596011
casper-event-standard,0.4299131867195807
cxt,0.0850676560252155
memo-map,0.6257559810265959
icp-eth,0.0687360913074316
http-body-reader,0.2175682098130907
dydx-v3-rust,0.0985725471099137
ecb-rates,0.0595603382242594
smitters,0.0506736396211398
logshare,0.0603292654431056
cexio,0.08068552693893
rsrc-rs,0.0308781871617639
noosphere-common,0.3218495640311131
holderplace,0.0521222681765665
ruby-sys,0.1299576468596292
bevy_easy_portals,0.0755912206340393
actix-flash,0.0713239705414137
color_watermark,0.0474945232650999
html_to_epub,0.0588089247471598
flakery-client,0.0274858109791768
ics12-proto,0.0456097253367514
artwrap,0.2494338633839212
interception,0.050040779408002
xendit,0.055436785168569
stocker,0.0661635864500583
fuzzy_rocks,0.0688987504850713
git-nuke,0.0483295562667959
bugreport,0.6218936706075446
wayback-rs,0.0958651965720156
fahrenheit,0.0625676945433864
jex,0.070102334602709
hyper-trust-dns-connector,0.0740278071679934
r3fit,0.0317704078533406
munge,0.8364803625445457
axum-signed-urls,0.0518315792260478
cfg-match,0.4719574395996151
rsdict,0.2635276902789596
pir-motion-sensor,0.0675005431645903
gelatyx,0.105986764492616
atomblocks,0.0464543047410269
apyr,0.0457068035507615
neophyte-ui-event,0.1345882216794279
eva-sim-modbus,0.0433835206377524
comiconv-server,0.0436799388568918
psource,0.0904849884154321
angled-random-walker,0.0391824159990214
poetry-to-requirements,0.0283885177163428
tr-lang,0.0726048747419345
comboios,0.0384864037541869
rust-hsluv,0.315184333700949
lc3-toolchain,0.0786369769806791
cmux,0.0350742737163034
hive-mind,0.0681318107783015
mixpanel-rs,0.3103196653597409
yaml-subset,0.0667875416125629
derivre,0.3116044290017878
holochain-runner,0.1179807220657784
bevy_previous,0.0523478506303111
ipopt-ad,0.0734825929971695
active-storage,0.0544007479236723
zffmount,0.1009564449970329
jito-grpc-client,0.0813985129687141
nb2pb,0.0874033917222908
iota-wallet,0.0947087869033308
smtree,0.061174234776583
lammps-analyser,0.0538552616509625
bibicode,0.0775568637823537
bindashtree,0.0520903109305722
rflog-parser,0.0295471383961562
pycargo,0.0618274967457879
kaboodle,0.0644418964262716
http-stat,0.1259070126707448
ekvsb,0.0930294384922079
shiva-color-rs,0.2677505036472711
proxyconf,0.0544997140980319
boundary-api,0.0436026691401954
project-examer,0.0816547141898951
generic_cong_avoid,0.0542243492075278
cc-auth,0.0851761031113635
fsbot-rs,0.0543727585595594
tern-cli,0.2610282106767206
simple-triplestore,0.0591934771931665
fritzbox_logs,0.0551612635333532
sheesy-cli,0.0892576800954985
ffs-cli,0.097358310816119
pyawabi,0.0478376055154365
denog_wsi,0.1883933253168404
llmtext,0.0944605714184811
mainsail,0.0723089417779838
dntk,0.098254367227612
hunspell-sys,0.2824518616601358
criware-utf-macros,0.0664234445244211
mdbook-open-gh-issue,0.0467183537465236
pixelmatch,0.2289404189968495
human-bandwidth,0.1350490288559513
muv,0.0624200012274511
code-digest,0.0891491536197105
rawsql,0.2094128244814794
tcbscans,0.0300011759907781
gdcm-rs,0.3282659044167652
cargo-kill-all,0.0614073467149422
pcm-flow,0.0876225237096875
express-relay-api-types,0.2209790859656286
awful_knowledge_synthesizer,0.1036793310772112
nebari,0.3146665409245391
micrortu_build_utils,0.2643848033994399
cargo-wrflib,0.0349611406551904
serde_json_bytes,0.531205164969143
makesense,0.0267330576406979
usfm,0.0434798302711389
trql,0.0456273462657957
stimmgabel,0.0506703707011846
sodix,0.0478497007602337
direnv,0.2713261309585217
officedays,0.0648907518900486
aws-masquerade,0.056426297108745
type_hash_macros,0.3425919724006823
hyperapi,0.0738146603962786
zipcodes,0.0824476104808055
tls-helpers,0.2095584468297751
shirabe-core,0.0418887820369792
umfpack-rs,0.0892244776962482
authly-client,0.0995540370624235
steppe,0.3580601635070459
rserver,0.0555067816789938
rbatis-wrapper,0.0416655548410444
clickable_img,0.1057677113394284
arxiv-rs,0.3005405716997722
posix-errno,0.2539595039260039
memo128,0.0473998967394899
csv_db,0.053421275828046
kamo,0.0674025239731376
aws-vpc-prefix-list-monitor,0.0814964312124625
soon-migrate,0.0621176211441914
ffmpeg-decoder,0.0496577021488788
nu_plugin_ls_colorize,0.0687851462936538
parse-blogger-backup-xml,0.0310186445336995
correct_word,0.1232581629966622
telegram_notifyrs,0.0627383427286009
sediment-rs,0.034760024817578
mm2,0.3844900289441809
utf8-read,0.2753752619762362
stellarsort_core,0.0285590408844277
lucidity-core,0.1044165641691087
napali,0.0628450847500787
libflatterer,0.2631398372544716
stinger-mqtt-trait,0.1855789703156534
vglang,0.0510479888785446
man-completions,0.0577837303295904
hrw-hash,0.1440247135290919
precrypt,0.0579941380424762
steamws,0.0343532202306489
fetch-catnip,0.0476337393267847
bcc-sys,0.2154665463988744
budoux,0.0339855403634073
syslog-tracing,0.5570563716700818
max_rects,0.0527753426726117
brewfatherlog,0.0962317911245889
hightower-naming,0.1481494606192299
salvage,0.0328731192495251
vcd2df,0.0984508652730967
sqlx-datadog,0.1293875824126086
blazing-fast-rss-watcher,0.0533922316069851
ddex-builder,0.1223075216365583
pane-resizer,0.0826417853490022
valyu,0.0625437407812176
json_minimal,0.1598299953344201
credentials,0.2518124293997038
notmuch,0.3585748932601991
krui,0.0505959245814346
rasen,0.0823833268152754
tee-s3,0.0805122708389724
sino,0.0306274862475054
function_name-proc-macro,0.5682611061925632
result-like,0.3652940649539417
lewp-html,0.0580614814727316
string-adapter,0.0461523733009066
bevy_mod_spritesheet,0.0502312178214695
max_rss,0.052219909874273
ragout,0.0373348485861949
midilink,0.0623757377787371
microchassis,0.0702226749089522
defer-lite,0.4359808527263599
mlx90640-capture,0.0444310129277599
hat,0.076902442679618
maplibre-legend,0.1063339108151286
awful_book_sanitizer,0.0923371584078438
shimkit-types,0.0525082235403209
fingerprunk,0.0642625401808707
saturn-cli,0.1146686167899351
jeep,0.0408962287717523
ram-machine,0.0457827676571239
bitcoin-hpke,0.381771453252706
slice_ops,0.2673950311689592
edges,0.1950500485142472
ratios,0.0433514819375114
wgimage,0.0478268991142009
licenselint,0.1125228418010472
webhookd,0.0793776983976971
bevy_fix_cursor_unlock_web,0.1034860677972025
hide_my_email,0.0525633244105623
simple-kube-controller,0.066473710645901
wildfly_container_versions,0.2456051151291175
boost_atomic,0.2132820445483553
espsign,0.046349531322801
webull-rs,0.0653147852278122
deutsche-bahn-delay-reasons,0.0743027988099241
system_shutdown,0.4947324724042428
webrtc-unreliable-client,0.3137000835638539
asciii,0.1167998296556188
susumu,0.1094056267373055
mms-rs,0.0325580303403922
anyctx,0.297142798144092
monitor,0.1981116079791197
headjack,0.2124330036302278
namehash,0.0291584705998736
aethokit,0.0631101321603251
path_lookup,0.0695190135374134
qraw,0.0403337679703267
quickdiv,0.1886898143217746
datafusion-catalogprovider-glue,0.105526560709608
monoio-codec,0.4556044528938869
wireguard_simple_rust_manager,0.0598603248347682
aa2nucaln,0.0382960447293774
dxfeed,0.1111642086822564
alipay-global,0.0817324238122476
pixracer_bsp,0.0333134640647068
melwallet-cli,0.0641242152760452
oxidebot,0.222105612168817
eb_cycles,0.058365872944247
tree-sitter-dart,0.3140689308175725
typeshare-java,0.0675042815405723
libbeaglebone,0.0437330125625581
xbr,0.0524809131342964
mavshark,0.0657845759793229
totp-qr,0.0593037206669217
ahrs-fusion,0.0626995036522101
tower-memlim,0.0430275289073091
achievements,0.0546599182931134
pekzep_numeral,0.0397781806879405
ether-link,0.0823170838759816
fpipe,0.041074459134852
context-async,0.0880942845245224
richard,0.0590283440403157
pipebuf_rustls,0.0374697986395168
s3p-core,0.1050541106100945
cw-fee-config,0.0640852942359892
pyo3-opentelemetry,0.1738479866479755
tree-sitter-ink-lbz,0.1904201798167143
admino,0.055738843213283
lucid-client,0.0401736631852468
rusty-react-flow,0.0486179016166493
cteepbd,0.0646854819283914
globalvar,0.0959917918699479
qcow2-fuse,0.0378913536151701
graph-canon,0.046903482949481
rbd_dimmer,0.0528638338760987
codecov,0.1661531715628109
dev_api,0.122113850470759
small-world-rs,0.0910605474603032
ndjson-stream,0.060087637595167
pagekey-xylo,0.0271787785138792
python-assembler,0.0367725778546587
kmeans_smid,0.0350022481576744
sunnycat,0.0725593145693282
octx,0.0873407403677986
rdf-canon,0.1963355471761144
of_dn_parser,0.036989705187416
verbosio,0.1223176240702709
privdrop,0.460764720034255
wownow,0.0496420278017986
solana-binary-encoder,0.0946364442033036
byte-unit-serde,0.1057954582511933
follow-redirects,0.0489944764867293
bevy_sun_gizmo,0.039519375626102
typed-i18n-support,0.1140265217236306
clingo-sys,0.2068901199088113
depgraph,0.0474177158098374
meshless_voronoi,0.2673301630226082
id_collections_derive,0.2285550293538424
deduplicate,0.0707437276703936
io-fs,0.2118855031070168
symor,0.0684352770282922
popup-translation,0.0334759226888674
relay-mailer,0.0818213259683688
nix-query-tree-viewer,0.0398905939651065
varlen_macro,0.1276741229806618
winx,0.6847923236031429
ccs,0.028559579561196
shared-tokio-runtime-macros,0.0932873821748172
bevy_serde_macros,0.0518628613723154
buffer-graphics-lib,0.2597234268978007
orx-pseudo-default,0.4784765709923681
qwa,0.0361577272803044
chatgpt-functions,0.1325208711838271
conditional-s3-fetch,0.0258492445207776
open_with,0.0357046715541986
apple-web-service-client,0.0551619539785941
shadower,0.0607973467061649
e9571_btc_coinjoin_analyse_lib,0.0430958345826231
purrmitive,0.0883558122589389
swc-formatjs-visitor,0.0502434266479542
qwant,0.1768399685796588
arrowdb,0.0945914434217533
valkyrie-error,0.1018283046740254
http-muncher,0.0550172684293242
value-ext,0.4407486806970362
libime-history-merge,0.036564866010981
dwt-systick-monotonic,0.0676464936725577
aws-assume-role,0.0920693664033097
divoom-cli,0.0975039914128729
armv8,0.1343978371551053
syncbox,0.2705994894924861
read-structure,0.1048956366300569
policyai,0.1761722929007804
size_format,0.54287382662126
bevy_single,0.0290269750513415
finde-rs,0.0631893265167488
pumpswap-sdk,0.1073245750304122
gexiv2-sys,0.2992475251826874
csv-guillotine,0.0304390344897332
lgm,0.1206432726504709
client-util,0.0915225530320074
amtrak-gtfs-rt,0.30392927175403
tagset-macro,0.12002162240948
palpo-data,0.0820390539686158
fromsoftware-shared,0.2577655021671411
zeta-abi,0.0437555658171743
monoio-thrift,0.2249888588862811
hglib-rs,0.0406434062298905
chic,0.3989477002910036
apyee,0.0712654720167514
flaky-finder,0.0720544592477331
file_shred,0.2564516692975345
libp2p-lookup,0.0933411813199351
tstpmove,0.0301896442182513
bitcoin_mass_address_generator,0.0788719798129016
jessie-macros,0.0882946349899004
zemse_ethereum_hashing,0.2043981381302672
egraphics-core,0.2988421739057917
krossbar-settings-viewer,0.0264196641792357
ocaml-gen-derive,0.1792147806776352
arexibo,0.0853747778931677
boolenum,0.3259043669281823
rkyv_impl,0.0379423319287804
xrcf,0.0849238300922833
babeltrace2-sys,0.1199379516705124
bevy_local_commands,0.0971098327594127
f-ck,0.0674869011997395
atlas-config-program-client,0.0712183890734095
filterm,0.1331317706976642
cargo-prefetch,0.0773874768153322
updlockfiles,0.0335339957573552
cache-compute,0.0671791954060794
uploadcare,0.0859734286433455
silpkg,0.0580651827868824
pdfx,0.0775809458596185
derive-finite-automaton,0.2056096981724182
base16_color_scheme,0.1251991355654142
async-editor,0.0565895141842372
duet,0.0536265877183232
umbral-pre,0.296399958113035
kenney_input_prompts,0.0583769612175275
token-cell,0.5642113032615999
nonzero_ext,0.7068346795063125
json_compilation_db,0.1348068562721943
midtransclient,0.0559698102526604
android_native_window,0.0546305751760859
tree-sitter-applesoft,0.1586020789420364
findshlibs,0.6971176780943988
oxytail-theme-defaults,0.0780436031818292
kbvm,0.2628304774828167
utoipa-helper,0.0815194807911249
vs1003-pac,0.0503524048249162
aleph_ollama,0.0831350331337651
styrus,0.0400576664500651
bevy_blur_regions_fork,0.0415076268281983
goji,0.0838528989085768
e9571_file_lib,0.0814841865757496
icosphere,0.0396632913801973
fx-mq-building-blocks,0.2100560985208161
whisk,0.3417775194398207
pixelize,0.0621644095215244
meter,0.056366197384201
oci-unpack,0.0461330940088035
summarize,0.0561162769374498
mcp-android-ssh,0.0776328239074813
constant_time_eq,0.7963467929171871
tinkerforge-async,0.073640007174988
npy-writer,0.0486819980637656
arima,0.1139294876972243
merkle-tree-stream,0.2048632598717492
quake_qtvinfo,0.0351568156747392
iroga,0.052901590912171
strawboat,0.0999160877564225
pst,0.0485916441348377
nv-flip-sys,0.185364233075972
redpitaya-scpi,0.0416443785672658
roxide,0.0867656076483946
ieee802154,0.4017707764360045
weeks-from-now,0.04892913247999
monsieurcc,0.0293890290878357
jinji,0.028495083447535
senior,0.0599297369446447
rusty-vban,0.0744979187216535
passring,0.0551691129905906
wdk-mutex,0.0458773866991984
avm-rs,0.0651544482422272
aoit,0.0544864081263502
sacapart,0.3199299170287136
nyaa-si,0.1033921046026818
echo-state-network,0.0516177225655644
axum-casbin-auth,0.0811525934762673
firestore-serde-timestamp,0.0351770450782986
opensensor,0.0332444025553665
anny-dock,0.0831641787529053
rs-dir2zips2count,0.0492844516829451
emerald-hwkey,0.2169346387419067
pokemon-utils,0.0407289851847864
numberwang,0.0746416172125142
solana-kite,0.1042480286322024
sm_motion_photo,0.0439305454460184
veldora,0.0760930190509873
fltk-anchor,0.0395192723985215
tauri-plugin-vnidrop-share,0.097480665798131
smalld_rust,0.0571010828074787
malloced,0.4207288299613019
aipn,0.0259322157796302
color-hex,0.6018372957988087
local-polkadot,0.1001272461229457
lambda-router-macros,0.0668644603569879
obs-countdown,0.0355970269587086
yew-scroll,0.0382114877390881
naps,0.0752329145318616
runefix-core,0.0881330495642323
tdk_sozluk,0.0332927373026335
timerfd,0.5079657372197586
tg_admin,0.0395027353743565
cloudformatious,0.1959817599280626
biotest,0.0489421473342091
tantivy-meta-tokenizer,0.059115047099895
zara,0.0399495314051991
elv,0.1043722431073531
aws-throwaway,0.1299771521220316
chromapath,0.0854274449152078
dither-lib,0.0501876783238926
burnout-detector,0.0442766187950807
clubcard,0.1938112689345755
task-hookrs,0.3200855574192573
albion_terminal_rpg,0.1002689032405908
grom,0.0625374182658301
bevy_enum_event,0.1029921242992483
bitbang-hal,0.2970306023797825
catppuccin-purr,0.1100268734193661
libccanvas,0.0484021254877555
mural-server,0.0695305840144197
service_utils_rs,0.3545429150783428
tiny-gradient,0.3234273797505525
encryptedfs,0.0819452025120929
criterion-inverted-throughput,0.0265099214036298
fsd_interface,0.0560436825345684
fs3,0.545555117834019
grapheme_to_phoneme,0.0572144056121833
dvd-render,0.0815275185238169
ore-boost-api,0.3697060167017715
windchime,0.0692700307149916
dprint-plugin-jupyter,0.4263489220986537
php-discovery,0.032230575999469
accumulo-access,0.1487062486182219
axolotl_git,0.0979496010767237
mini-loader,0.046967811674733
ansi_colours,0.6856213893509315
mauth-client,0.1017385882587725
keynergy,0.0476255225369656
stdinix,0.2649787662673881
path-slash,0.7127391416530691
cm-telemetry,0.0505448720328437
boost_assert,0.3802136729873419
statbook,0.0754472739874551
scicrypt-bigint,0.1702005605769165
powershell_script,0.3163714693829456
tokio-fd,0.4941842817494865
exeico,0.0951095283690191
s3uri,0.1088736981229002
octofhir-canonical-manager,0.4032413024703533
vfs-https,0.0419557927377894
transparent-classroom-photos-grabber-rs,0.0581311139108881
tgl-cli,0.1097909788790327
telraam-rs,0.0333503797912597
hydroperfox-lateformat,0.0690284943403377
wifi-ctrl,0.1705536719705227
trackpad_haptic,0.0443582415236383
gitcal,0.0564364502416149
dota-gsi,0.0652097757126569
inpu,0.0409279230538034
byteorder_slice,0.6101940762299033
ods,0.0331990832021879
broadcastr,0.0641475650135881
spotlight-dimmer,0.0849067095024604
fdcanusb,0.1904299213073883
posh-fzf,0.0632554015954978
ethernet-info,0.0298585906374723
owlz,0.0289662583136066
home-router-exporter,0.0360150470871856
sledtool,0.0510621300037171
jgze,0.0382034582622219
open_ecc_cli,0.0556221986589014
scrapelect-filter-proc-macro,0.0672714188071944
registrar,0.076742746156655
build_id,0.3531067490354679
dns-ptr-resolver,0.0520663801674402
zf,0.0453816770039589
totaldim,0.0312815274215356
numlockctl-linux,0.0255660191489903
dissect,0.2545484358572693
rlua_serde,0.1902053622653664
ryzan,0.0950549440806685
dusk-wallet,0.1622724891362011
surrealize,0.0677116661963094
finl_unicode,0.6881354052761857
warqueen,0.0876238347372472
vtiger-client,0.0946051782454221
cloudformatious-cli,0.1057608235073394
jsonlrpc,0.2253939065129791
b2get,0.0489186781353956
bolt,0.0641290447311148
moss-trimmer,0.0350659221356795
tlq-client,0.0733297421525508
juliet,0.0617416717262166
prng_split,0.0273412903360181
tinge_lib,0.0556370323962002
com-croftsoft-lib-role,0.1857975378559275
tcg-log-core-rs,0.0416067719377857
cargo-fixeq,0.0348452720907706
mitemp,0.047602339663703
floxide-redis,0.1464891167399377
mosh-server-upnp,0.0412232083540807
icon-sdk,0.0682409608521868
tdf-derive,0.1445988579043172
roarsvg,0.0666698147326028
deterministic-bloom,0.2208600914846166
orouter-serial,0.0280695765213094
nalgebra-rand-mvn,0.05398204985038
rsrq,0.0485392578099123
cstats-hook,0.0423713423850631
rust-strings,0.3352226260851164
manzana-uno-emu,0.0663621248491507
argcall_derive,0.0748319866102891
cinc,0.0902332414447533
work_dep,0.0424798426253009
bevy-earcutr,0.1796062061170701
scidataflow,0.095139001772447
tlock,0.2139165909732072
eventsource,0.1037910002819867
rnp,0.1057824267992949
cov-mark,0.5341689540092799
crypto-seal,0.078997142579631
riichi-tools-cli,0.0464601135912641
opencv-ros-camera,0.234700048409627
prism3-core,0.2300681062995287
libbmfw,0.0487921242357233
fasyslog,0.3507751278120732
asciibar,0.0351508658702431
bevy_veilid,0.0777480179852393
chocobrew,0.0596406100940423
fork_stream,0.4006673317722301
ya-runtime-wasi,0.0860211432255879
escape8259,0.5713019195506577
shred,0.6079056422667305
pickls-config,0.0384486930561573
winit-gtk,0.0777270776639934
chamomile,0.251289210344455
dnslogger,0.0547066443568368
gurkle,0.1435252892168599
gaoya,0.3105656213496364
tcp-channel-server,0.1944131594044267
jq-sys,0.2904072001371809
nsworkspace,0.0524467458408138
socit,0.1002134674275238
cargo-hf2,0.0676217596590248
cassette,0.2133535482503592
cargo-attach,0.0527139418228559
bipe,0.3769782884347225
dbg_breakpoint,0.0827975461854356
binjs_meta,0.0918473679223881
candle-cublaslt,0.0884289075837037
futil,0.0301590924524244
cargo-algorist,0.0806902336683583
sqlite-vfs-http,0.0737970594772867
kelper,0.1017838318087894
morty,0.0818094821821513
dogear,0.0542770060086898
rsmorphy,0.0705002701570585
tantivy-uffd,0.0645564415646663
portmatching,0.402867802232638
webdav-xml,0.0751204154410288
u8char,0.1485796437809017
basen,0.3242211817240978
rtcc,0.4505553807908355
cce,0.0334759850825183
ase2ttf_core,0.1180468615106211
date_component,0.1673143427604603
nrbf,0.0632824635082451
poglog,0.0384768287717397
isotp-rs,0.1841467619202023
wyz,0.8753499432990645
tracing-for-pyo3-logging,0.0873723204758041
nightrunner_lib,0.0403021197449852
semanticpen,0.0430522448811756
camtrap_dp,0.031233239010492
mles-webproxy,0.0756838344115381
looper_heavy,0.0624268025608155
cloud-filter,0.2647749159466795
diced-py,0.0542979618940616
geoutils,0.3847968338521133
bdb_parser,0.0265822110785287
elastic_lens,0.0877484742220956
mpris-nowplaying,0.0741074563054081
mfqe,0.037612292198732
rupamix,0.0442520483802241
async-convert,0.4880951687958084
simpdiscover,0.2393836945113101
bevy-nest,0.0832407808952339
swc_re_utils,0.0875275972761169
bimm-contracts,0.2341913018425189
ctm,0.0271226405911091
rdedup-cdc,0.1279937300590682
foxy_time,0.041317204899336
tes,0.4736693301079724
jsontp,0.0535929602030168
lifeline,0.3384619578257891
resynth,0.0649079933851474
nachricht-nq,0.0419903989095127
bytelines,0.4547540239624191
msn-kit,0.045255275566323
jsrp,0.0506839205884243
pageseeder-api,0.0776062231795584
serde_trim,0.34596055320506
label_attribute,0.0341813483584111
codepage-437,0.407746510247066
tower-request-id-nano,0.0297430771249252
lunatic-log,0.4413004751081666
parquet-format,0.1742489291942646
tui-realm-textarea,0.2784150166459257
ethprim,0.3123924462067553
rtorrent-xmlrpc-bindings,0.1178903297942259
hyte,0.0328937227130203
webrtc-rs-util,0.2465649522433865
permutate,0.2045258696558528
kbo,0.1121323410659918
tinkoff-acquiring,0.0656472656592827
cetar,0.0449243453589583
random-fast-rng,0.1659537408916588
i3stat,0.1078577041082815
rship-blackmagic-videohub,0.0873607928429179
prokio,0.757356393871609
rdf-proofs,0.0869030564121788
tpp,0.0507378998660607
gvmkit-build,0.0626942097498962
inquisitor-core,0.125678710020083
licensegate-rs,0.0372374381451768
cfd,0.0405844653433041
textr,0.0791202259416013
strandify,0.1454805875476092
walnut,0.0453944048779556
uri_parser_gdv,0.0517532266729748
poster_generator,0.0626910017064081
better-limit-reader,0.0393093420392735
cag,0.0585943001478562
unitycatalog-rs,0.0306399073473643
sqlite2dir,0.0415901558896174
teslatte,0.1107665763390457
loam-cli,0.122777256247333
xl2txt,0.0366063951884023
beziercurve-wkt,0.0325119455251464
userkit,0.0333254765498421
iggy_stream_wrapper,0.0322501874371316
iso7816,0.4944260997412631
madgwick,0.0315058069663866
asm2x6xtool,0.023477206058355
fastrace-poem,0.0766115400743256
mcpsec,0.0740186375712075
web-service-uptime-axum,0.0857478128742084
flac-bound,0.2950414063243567
shd,0.0413592432192509
bevy_lazy_signals,0.0479492630746895
chronicle-api,0.1006002629419339
omap,0.0831677296443395
localsecret,0.0657573686043389
xyz-parse,0.0491334600935799
fracter,0.0260511350385117
optirs-nas,0.2792942295050398
warren,0.0476140964497244
github-app-auth,0.1662952749752978
dynamodel,0.0623934010482667
s3_file_manager,0.0435786683337279
bevy_fixed_sprites,0.0650874694220527
detect-indent,0.044098897944882
termcrypt,0.0546463578465511
ceph-rbd,0.0486075700642573
basic-cookies,0.2542703913922381
rocket-enumform,0.0268042580181468
vkteams-bot-macros,0.1823584105788672
hightower-wireguard,0.2814399575148824
saddle,0.0835136095306948
tailscale-systray,0.0945550159267188
perplex_num,0.0353622950474103
ctm_demo,0.0388294015290158
lazy-sock,0.1084015583265969
sqpnp_simple,0.2099540641559969
iced-box,0.0779743607786974
ignorant-rs,0.0582074167511671
cursive-hjkl,0.050108397938501
avrman,0.0551443552401655
wcursorgen,0.0270119152487708
unicom-tcp,0.0477033119353958
sigwake,0.2274499876604767
lookbusy,0.0582879297381716
unxip-rs,0.0752827767663257
tinywad,0.0538783545781912
cockroach_deploy,0.0638209371657479
blockpalettes-client,0.0668776544749063
sql-trainer,0.0858503856754004
theory_core,0.0778472492474865
b-spline,0.0630821166939322
miraland-unified-scheduler-pool,0.3033248460299819
replace_with,0.6603231216877822
nickel_postgres,0.0432266396381628
bgv,0.0572119191775782
savant,0.0526376072082322
sycamore-seoul,0.0477895010785736
loadstone_config,0.031286735351635
cex,0.2563021251577264
rocket-recaptcha-v3,0.1074214862320732
blot-cli,0.0327464586857349
drain-rs,0.0363247430064829
exoquant,0.3330261445898843
shared-bus-rtic,0.0354442992833223
loghawk,0.0425951684684506
win_run,0.037365780372672
economic_indicator_finder,0.0263911880628235
num2exr,0.0246260119928387
failed-result,0.1015676607865359
smolsocket,0.0766605804546795
layer4-proxy,0.0787630114981806
usi,0.1095662658411447
cwl,0.031677012982888
libsparkypi,0.0377268713899125
mach-keys,0.0758584320744025
aligned-vec,0.8009017779888254
yielding-executor,0.1158370827111987
revm-fork-db,0.0613797629792931
fluvio-helm,0.0770473492743275
mamenoki,0.0626336763515253
floww,0.0353401909273605
fast_loaded_dice_roller,0.0387971391711046
cartesia,0.0475635763629281
winit-test,0.0867204984028801
cheetah-string,0.3743745374776542
parviocula,0.0710929687272573
numext-fixed-uint-core,0.5246541126158354
cses-cli,0.0334162140299822
postgres-cursor,0.0593471256896096
async-utf8-decoder,0.3316304879048539
pallet-ordinals,0.071364170001212
stream-kmerge,0.0525822018202552
siodb_driver,0.0669515212445998
vibesnap,0.056358056380325
tracing-actix,0.086063318485044
enr,0.7338328428167723
shared-ids,0.2375787145069134
hetu,0.0469330689920489
dioxus-use-computed,0.0382484907671328
cell-ref,0.0883033188768276
goodreads-metadata-scraper,0.0956889894946137
swf-parser,0.078050408794223
random-access-disk,0.3530880157682664
hawkbit_mock,0.0748166088347007
libslug,0.168043064573036
indicatif-log-bridge,0.6820621972940853
bgt-cli,0.0583873602689103
jetscii,0.6218167978641519
simd-bmh-macro,0.0588835350533544
smoltcp-uefi,0.038796961225831
avif-parse,0.4149343078584111
tinyvecdeq,0.1409456518282154
claude-code-toolkit,0.0753218241752905
rocket_sqlite_rw_pool,0.1011040983794826
eeprom,0.0405273529173443
kosmos,0.0445761672760794
unirun,0.0692712673797856
typosaurus,0.1476944558799845
tagu,0.3249364899544451
omnical,0.0503436600736243
splici,0.0276379463326701
dipstick,0.280608876527974
csplib,0.0332980519130433
barnacle-rs,0.1075969334946682
chrome-for-testing,0.1475794292742807
miniview,0.0847784745705204
paltoquet,0.2060734357755475
zila,0.0595563937004013
obmrs,0.0491051490085186
mongodb-ro-derive,0.1084088836698027
opis,0.2719867810804788
uefi-run,0.1189874403654623
poise_error,0.0878204075588037
ngc,0.0562309920836777
e9571_str_lib,0.0501251957873203
onchg,0.0695561442479798
aider-script,0.0728454879231778
wdict,0.1116530847273595
zoi,0.0373991778336015
saqif,0.0332707383715646
qif,0.0345196592718222
configcat-openfeature-provider,0.1276482176393702
vdash,0.1394923288220565
rsvg-sys,0.182584451153176
tree-sitter-plain,0.1012983300398633
hime_sdk,0.1781413087973946
vc6-sys,0.0475467407094309
wikimedia-download,0.0594402328389642
cargo-exe-v2,0.033624126054373
gitls,0.0747348723877857
elliptic-curve-tools,0.527301075774665
docker_extract,0.0423053070870189
solaredge_modbus_chargehq_exporter,0.0292405922082554
rdr,0.049949813236366
rpiet,0.0341456215223888
async_user_lookup,0.0387417345962045
smtp2go,0.0793369003201519
mmseg,0.0353643297296039
ssh_agent_client_rs_git_bash,0.1071949811444343
separator,0.5975718182261663
gdtf,0.0541375910002802
augment-vol-brt-man,0.0359925691616053
psg_lite,0.0352706190555405
blue-noise,0.049173320399853
bevy_despawn_particles,0.1147422876916455
block-sleep,0.0444622717352389
usdshe,0.1111953824264125
heliosphere-core,0.2647115970733988
plotxy,0.0750043932153517
rat_memcache,0.2510018797535319
hope-cache-log,0.0444820180571745
vmpl-run,0.0562363343023306
matrix-send,0.0679770514662354
xrm,0.0549335771154059
ic-call-retry,0.0843538424676563
algolia-monitoring-rs,0.0816083019743823
ffcli,0.0505333345401805
foodfetch,0.0567064758298746
exo,0.1307776766539198
anilist-push,0.0803510164468348
derive-enum-from-into,0.2732629057702274
eld,0.051212539783006
smolcase,0.0820524491945711
phc,0.0279687962460553
bmbp_curd,0.0332448773479615
simple-expand-tilde,0.062346549385399
noir-compute,0.0464541221609055
mpl-candy-guard-derive,0.1664781067277685
apple-search-ads-access-token,0.0559619275069688
framehop-object,0.035190214176127
tauri-plugin-locale,0.1175108649926424
atomic-counter,0.5229584105604472
beepy-display,0.0307675167844301
ollama_code,0.0923174364103431
penumbra,0.0293657714816194
tighterror,0.1443850003491784
tokio-pager,0.1213703125833156
avrotize,0.2915321454833828
tesserae,0.0376163675486623
wasm-cache,0.1433677260545959
resol-vbus,0.1527297553175334
ledger-parser,0.168451193639428
spatialtime,0.0924778924532909
ratatui-mergearea,0.0595032463626375
gfwlist,0.0341555948224778
moiradb,0.042030006073095
ann_dataset,0.0556425887816348
cargo-deplint,0.0425567321266991
excelactor,0.1045710169455058
tts-cli,0.062255592662703
sparse-bitfield,0.0961674569341594
roaring-landmask,0.1060566526435129
slow5,0.051084617274866
aevum,0.0246366650085072
codedebt,0.0446934938331774
rocket-errors,0.0638537273387162
curld,0.0506341399114356
good-os-framework,0.0920087983880456
asciimath-unicode,0.0410934507391227
rcheat,0.0607276533561926
elevenlabs_ttm,0.0923195653871058
colorcet,0.1544509836581118
rng-rename,0.0775849832476637
etop-core,0.145656048738148
dolly,0.2555117314845825
runegate,0.1118345393633578
backlogr,0.0512619082607847
telegram_bot_oxidebot,0.0611747177453122
keyboard-chords,0.0421261819706533
svg2svelte,0.0500525277234278
ory-kratos-client-wasm,0.1099102813033625
lora-e5,0.0481376804893521
stlog-macros,0.0629579429759636
tiktok-business,0.102667135968131
kubizone-crds,0.1577122110542336
release-downloader,0.0840205749689956
ab1024-ega,0.0434352612365758
ar_archive_writer,0.3369780697854376
udp-stress,0.0319403554630557
crussmap,0.0378319454334642
north-derives,0.1053949916612232
bashtastic-visualizer,0.0427013332845368
consecrates,0.1168567651404498
perf-focus,0.0405664374178112
waitmap,0.0612561799014562
tonic-disable-doctest,0.0405033454530305
float_approx_math,0.031797948455055
daemon-engine,0.1534129131833463
tomu_usb_simple_client,0.0602792886731717
blackmagic-camera-control,0.0824630595712487
webgestalt,0.0593086307652711
mdbook-org,0.0497245565641555
sitemap2urllist,0.0848007201683775
interval-heap,0.5177075795319573
swift_bot_api,0.0354938643548851
package-family-name,0.2507546913513729
slint-spatial-focus,0.0402389021059501
cargo-run-copy,0.035648267623291
serde_tagged,0.4163887286775822
modmon,0.0276120161545644
prayterm,0.1522577746201185
spotify_confidence_openfeature_provider,0.0758829813511737
sampsyn,0.0419872654844574
peel,0.125724755032357
nuttx-arm64-emulator,0.057383718400587
a2squery,0.0532631925637962
klaptik,0.0606128912806128
localsend,0.1200084456941547
imap_bodystructure,0.0247456382113084
dwparser,0.0496069569570555
embedded-mono-img,0.040792477345862
leptosfmt-prettyplease,0.2552138089386745
ark-ff-optimized,0.165953022577225
lsph,0.0336549765860918
gcg-parser,0.0278651635328879
env_monitor,0.032216684861058
qprime,0.0479538373901509
rscp,0.0596230022276609
ng-i18n,0.0531872530747788
cnova,0.0875296354696239
volans-muxing,0.125601499625658
repo2prompt,0.0407418359544222
librqbit-dualstack-sockets,0.2763717661306404
toison,0.0329421969220167
awa5_rs,0.0482625252528698
reva_axum,0.0345788606473773
klyx_extension_api,0.0654946777518527
cgl,0.7141327358511129
axolotl,0.0305161268546926
marzipan,0.0362633446450358
git-re-tag,0.0572075313016908
memflow-native,0.2174389089361849
locale-match,0.0947243171243786
quagga,0.0588950851264956
terrars-digitalocean-digitalocean,0.0660462183362835
s3-access-log-rust,0.0548166004233108
file-header,0.2410392155514373
dirigera,0.0505964522092317
adbqr,0.0494719066480283
leptos_kapta,0.0593248845214011
ankidb,0.0783074126031965
wolffserial,0.0377571906511271
nft_storage_core,0.0666640849298838
hidmon,0.0328523285867936
mollie_api,0.0461559639550229
milrouter_macros,0.1159444898401086
syncthing-task-resolve,0.0393140847559601
pump-fun-token-launcher,0.0346168760979879
expectorate,0.2419433000966635
uf2deploy,0.0648378800230113
vmc,0.0545116349146118
newt-sys,0.1056653174946753
openweather_sdk,0.1356195643985038
choreographer,0.0357516741273684
polipo,0.2221372209254697
rusty-psf,0.0325165193727588
wgpu-mipmap,0.0362424553081272
awscloud_sso_cred_helper,0.0956790368767775
triangle-rs,0.1972547541846053
ofi-pass,0.0421405090145893
gv100ad,0.0317268019371612
puppet-fmt,0.0464126499169844
rspirv-ext,0.0508642282157515
serde_default_utils,0.1328956608922049
faucet,0.0492125743612316
hostname_resolver,0.0366717932072461
sitetrace-axum,0.0762488947819031
youran,0.076462640642007
gleam-pkg,0.0338547968737443
nonogrid,0.1049291085654953
moblink-rust,0.1072210689876378
obliviate,0.0431025038294697
readstor,0.0914425614663923
derive-io,0.520570486019868
syros,0.0741636753401114
lazy_transducer,0.0313281508940725
ag-grid-rs,0.0525757849125469
btcpay,0.0613482030722953
war,0.0804490040240875
dotnet-parser,0.0786958734907204
seq-hash,0.2578532489849335
pollable-map,0.2572285781863194
pinkie-macros,0.1102891542563938
tensor-vipers,0.1398395741310919
smol_egui_skia,0.0654722171742735
tangibl,0.0297432682644669
slhdsa-c-rs,0.1512516533759348
bevy_trackpad_haptic,0.0411345795448271
peertube,0.0622182341707536
reqwest_cookie_store,0.6478769350201371
pixelbomber,0.1126634429932507
rs-ints2uniq2arrow,0.0436551429913249
rollkit-types,0.0407652215590135
netid64,0.0597853938691967
hpl-reward-center,0.0714391659501668
rpmexpr,0.0604043832758311
ucelofka,0.0628494047689572
ic-captcha,0.0832028695839051
gitlab_client,0.0918743351818479
typographic_linter,0.0315282990951374
android-permissions,0.0450980141632932
rdf-tortank,0.0534687004297969
maskit,0.0379464839334793
ddgg,0.044276654460346
casbin-rust-cli,0.0804431698227835
page-turner,0.1888620043494846
bevy_input_prompts,0.0573390171452201
weap,0.0737778778516114
app-tracer,0.0939266749814255
sparseset,0.0761164548022853
paclog,0.0462125060010597
iprobe,0.2783984825611147
duners,0.0902447260776556
emuman,0.1278018677974314
bevy_event_modifiers_macros,0.054741181255503
anabaena,0.0467745256472446
blowfish-mbed-sys,0.0349447873273325
simple_cloudconvert,0.0758475985162289
glsp-engine,0.2179608142596176
mahf-coco,0.0259015809425566
tidwall_geohash,0.0448286922235985
azure_search_rs,0.0999808214017958
count-lines,0.1316354266334578
mprober,0.1205185008491886
duck-template,0.1017795687790277
bevy_simple_stat_bars,0.0524803745365982
quickcfg,0.1128064748272295
flowtest-macro,0.0502878488906075
fontdue-sdl2,0.1422265913572757
id_token_parser,0.0628129842475981
futures-micro,0.4339729313368556
regnumassets,0.0329736597723974
bomboni_request,0.2861272070126928
convex_hull,0.0569829737462166
pelican_ui_proc,0.1993403681656071
argon2-async,0.132896357293068
rsakeygen,0.0405327511320532
bevy_server_browser,0.0624984751616884
cargo-cooldown,0.0883130966459298
tfs,0.0527237245962686
zapper,0.038685483454073
wg-mod,0.114902605882277
cargo-dependabot-if-necessary,0.0396345262134327
cmlterm,0.0287311251470744
neat-edu,0.0566553324210737
vcfilter,0.0651021588255372
simple_db_nn,0.0473443059484537
cargo-uwp,0.0450919238328934
kweri,0.0533287660431263
sfio-rustls-config,0.3211170700275669
shatter,0.0324768231242398
tower-kafka,0.0521871391843348
gshhg-reader,0.0260442772664637
tokio-sticky-channel,0.0470002035545823
sar-cli,0.0315525583350283
mssql_tiberius_schema_parser,0.1088183060136639
clap-adapters,0.1278403189458921
gitweb-release-downloader,0.0495488944750805
robius-use-makepad,0.0423338508018885
leach,0.0355813939433067
esdl,0.0380816823160919
sup,0.0729869404299925
multirec,0.0441930994028275
models-dev,0.0813296188935241
format_hex,0.0560952614571938
sysinfo-http,0.0640201232047069
xeno-rs,0.0546052315804276
kore-contract-sdk,0.0561731764192986
chrono-timesource,0.0530640575208092
inlinable_string,0.7353875702830274
gpui-nav,0.0778162895545633
fixed-exp2,0.0620438048388519
xor-keysize-guess,0.0336611665646646
rs-ints2parquet,0.0542571135271194
unicode-width-16,0.2818811169728273
html-image-comparer,0.0573451875041987
nostradamus-cli,0.0597787393595765
froogle,0.0571461805776369
onedrive-api,0.3141527817444509
arvelie,0.0320636251798694
foc-simple,0.0773596388014258
cala_core,0.0399445756199553
cbench,0.0391315822365278
virustotal,0.0618051367460305
amm_sdk,0.1337287613803162
fronma,0.1799823950091913
nyx-scanner,0.0565361129267534
git-http-backend,0.0657444909282433
lazy-db,0.0784154106474914
esp-hal-dhcp-server,0.1718777290661231
black-jack,0.0752123751929089
cql-ffi-safe,0.04653108205678
cosmwasm-simulate,0.0752083557098489
bark_rs,0.0795238569584309
seqpls,0.0469573862580697
cargo-run-selectable,0.0274665746595318
solana-balanced-client,0.0349485967272401
vkey,0.0647518096825535
libhaystack,0.1897639384542664
figma-mcp,0.092812373345756
fwdt,0.0284089437341202
walletconnect-client,0.168182783165568
flex-error,0.7210849002669253
filesfinder,0.076170752507484
cargo-template-ci,0.0682153190654331
rsmooth,0.040445067092454
squirrel-prng,0.2826045216523979
regex-split,0.3071553485292176
wamp_async,0.100074034931223
wasm-edit,0.0564171874293582
atomic-arena,0.4516121142345045
syncer,0.0810432873406128
greetd-stub,0.0521828937746691
tree-sitter-ursa,0.072929044393931
hypar,0.0658121114838583
secretgarden,0.0826662573222248
d-id,0.0307607939129446
text-grid-macros,0.2172287100803463
launchkey-sdk,0.0662411091594535
mech-notebook,0.0417704907163705
gomander-engiffen,0.0517345830083264
sssd,0.0444892825175175
uiua-doc-gen,0.1298241022936548
tnil,0.0375114250865405
advancer,0.2093565511985288
condure,0.0904050339920479
fastcgi-healthcheck,0.0318953104074303
tomatrix,0.0359714833146649
cmakefmt,0.0573342369751139
etc,0.4361290470035704
sdio_sdhc,0.0559567751632903
object-id,0.3722907225667838
table-extract,0.137028522203858
crispr_screen,0.1227540949746859
mxlink,0.2186812688706124
zar-cli,0.0590598836676626
lucide-floem,0.0475945648778394
casey,0.487977345733746
windmark,0.3227819394787279
rust-bucklespring,0.0511575413553719
gazpatcho,0.0708934574225632
cheadermap,0.0273593153782385
qd,0.587176704563895
tmod-unpacker,0.0328825925859511
rust-jsr-registry,0.0614478806645306
wowsunpack,0.2362137433648508
phetch,0.1484108223833163
dync-derive,0.3218452002142709
vtf,0.1047379469505103
mdbook-nix-eval,0.0459900698124664
byteripper,0.0404687066624263
hammersbald,0.1267236237705043
nbd-netlink,0.0461530559620182
tiny-web-macro,0.0923905279523636
kabsch_umeyama,0.046007651404909
env-file-reader,0.4676461376551515
tile-grid,0.3339095053849121
fractran_macros,0.0312191905556724
tenzro-ledger,0.0328206863186974
woothee,0.5598534732738094
bitcoin-peers-crawler,0.0633725078157227
synchronous-server,0.0525961667222231
fontup,0.047092238233053
fieldset_macro,0.0795529912211606
orion-infra,0.1085960526854318
serde_geozero,0.1052554123455521
pride-overlay,0.0764009376195608
xml-builder,0.3928695889985569
zwuevi,0.0413024738696978
tensor-toolbox,0.0908504721510308
random-dir,0.0467447981582565
twothousand-forty-eight,0.0850394613406301
tree-sitter-nickel,0.3766601331965632
pg_filters,0.06992051672484
rydis,0.0475562291593125
rucola,0.0531244324402384
s2energy,0.0719421561410732
liblitho,0.028415354934232
annatar,0.117488770077426
dep-graph,0.1995619115687935
fluvio-connectors-common,0.0406629481985939
dcv-color-primitives,0.3486483655270774
knock-knock,0.0640975292131813
tensor-stream,0.0329600411347624
cargo-tangerine,0.0469764940726705
gb-io,0.366932977418834
multiline-term-input,0.118209121256824
rhai-dylib,0.3182425397848498
paxos,0.0480960490010456
fido2luks,0.080225969825308
hidden-trait,0.419535687235457
thisslime-derive,0.0687616747140428
db-pool,0.1041243098818864
cargo_auto_github_lib,0.1038345484603937
latexmk-diff-head,0.0362238358242741
treesum,0.037798542632393
taskmanager,0.162159582088557
await_values,0.0571896615993154
vec-collections,0.5033010346476448
hybrid_phi,0.0312308037973712
byte_struct,0.2115828111153397
mailguard-rs,0.0390599036054364
xio,0.1584759427136467
setuprs,0.0839907249688965
async_deadpool_redis_session,0.0525217087726266
tmux-cpu-rs,0.0658047279859694
bcmd,0.0256360473019154
velocypack,0.0598720426501407
ianaio-worker-macros,0.1643261551652984
spath,0.0528451458447638
cde,0.1816755099852217
jkcenum,0.1798839270395856
git-meta,0.1389479226480211
abootcrafter,0.0297672135736947
kiwavi,0.0521772440525051
sqlx-model,0.1138451272761589
red-green-refactor,0.0947391057696583
degiro-tax-report,0.0275117801413373
pangu,0.0668380163131317
rust-mempool,0.0782031979304142
karaty-blueprint,0.1628049785429989
zkutil,0.0826499265336153
rs-natural2array,0.0392917104901574
appdirs,0.3081438849179492
cloud-node-discovery,0.0463906577591469
pest-test,0.151808274986143
kopki,0.0707882083445079
netview,0.0663899525666837
cubiomes-sys,0.0825380223997753
dipen,0.0513889575580631
palette-gamut-mapping,0.0286798671767622
wcs,0.1952193164204541
proxy-header,0.2091022208885607
karo-common-rpc,0.0501474777066472
limon-core,0.0967705887471883
drprg,0.0542419886147224
github-notifier,0.0504660875189542
byztimed,0.061056705795185
if-watch,0.7862847346646323
resm,0.0572774239374235
zoha4,0.0674547469524775
simbld-http,0.0807456553010008
svelte-store,0.0414507641648262
src5-rs,0.0786296667979389
collenchyma-nn,0.0438999400952717
sleigh2macro,0.0424832011836133
drogue-ttn,0.0621999020385197
poseidon-primitives,0.4098885178482037
rustsym,0.0479313875992808
subprocess-test,0.0337011430846334
orpheus,0.1017018712373064
mcmc,0.030746559210255
refind,0.0467454801883217
ziglet-primality,0.0488942591825281
pmx_parser,0.0246857050809919
olvn,0.041958224083035
singleflight-async,0.2112566494008857
svgdx-pandoc,0.0880769275201017
tweet-archive-to-markdown,0.042476032621108
aum-api,0.0309227470658056
projectctl,0.0748315934344603
bgfx-sys,0.1000623145676938
nene,0.087666649636098
tree-sitter-wdl-1,0.065506670794183
reversi_client_rust,0.032606556386264
cmaes,0.0900042665341036
stack-map,0.5970679767653287
heos,0.0779055865582889
jenner,0.0297384209885674
bevy_channel_message,0.2548200138219137
actix-request-reply-cache,0.1040299538683581
membership,0.0599209134963003
arrow-rayon,0.0454133146272922
boolog,0.0506253156775282
libbtrfsutil-sys,0.1302255124042735
porkbun-rs,0.033238892219129
send-sms,0.0473396819925525
survival_analysis,0.0263450820478496
thrift-ls,0.0719020231061273
dbs-snapshot,0.3642393291176686
m4b-extractor,0.0442377965115168
rsfu,0.0522165116905877
cflare,0.0483367255406565
kodegen_bundler_autoconfig,0.195126146484728
asimov-outlook-module,0.0369612914580997
webhook-httpd,0.0790922298707398
webpixels,0.0732834784874654
opensea-stream,0.0637973606059317
vnpyrs-chart,0.0515308456750292
telegram-claude-yolo-bot,0.0435394643917949
gevulot-rs,0.1010319844090899
finviz_rs,0.0807806467056383
optrs,0.0348142945315955
activitist,0.0676593842238251
prism3-config,0.0892568487293001
linux-perf-event-reader,0.3839731895079198
instant,0.873577565723931
qhyccd-alpaca,0.062180266971203
sdc-parser,0.0290509188652089
tamar,0.0604189101749374
csv-line,0.0760308736400522
revela,0.0997599116774433
etym,0.0714512896544392
regashii,0.1559904960993189
cxd,0.0371288163585189
youtube_chat,0.1160924473920939
axum-spa,0.0412772751924773
nom-mpq,0.1930653791838967
pipes-rs,0.0563265375911201
big_data,0.0408948837692856
tpe,0.1164984003848104
stream_multiplexer,0.0856955874719774
everscale-network,0.1136784473587664
multiproof-rs,0.1935653754828079
sec_ticker_parser,0.0270903223740699
okra,0.0457277854380194
pikodb,0.0663800435541901
dhcpm,0.0778418628955973
bench_matrix,0.0653681722814639
up-transport-vsomeip,0.0469296337450185
android_clipboard,0.3148155904317177
bevy_ios_app_delegate,0.073958754138531
dnstap,0.032568454324037
pump-dump,0.058521045022565
metronome-rs,0.0535864056967305
ddragon,0.3218741455343397
import_map,0.5984450055892717
qx_rs_val,0.1529014656321135
cr-prep,0.030460227095451
xcursor,0.7236707181117271
string_capacity,0.0278104538226047
minidumper-child,0.3598935570041539
gsqueal,0.0582401830652016
voltlane-server,0.0549970098963033
passepartout,0.2039140625038186
dostime,0.0572380634410647
ledger-utils,0.0764186085507585
lum,0.1049911407140352
audiobookroom,0.0568797055763103
mio-anonymous-pipes,0.063532409663963
ghostty-sys,0.0345836417518406
cargo-tomlfmt,0.0804812124356221
yggdrasil-keys,0.056824675031855
opentrustprotocol,0.0631342843250991
nvda_url,0.145194511990969
geo-raycasting,0.0333013268967268
accumulo_access_pg,0.0616638925899431
param-xml,0.0330181274446914
geomapper,0.0532740704326419
vrcp,0.0447367134599061
city_time_zone_sqlite,0.0296387416091956
bitway-proto,0.0748416638821237
tower-sessions-sqlx-store-chrono,0.0992386397505841
eva-sdk,0.439731750315219
bevy_logic,0.0803724098610206
kanuni,0.0649186312184999
eldegoss,0.0903267814846711
iforgor,0.0708379396675416
binance-openapi,0.0400280201512524
async-stream-lite,0.1309815798868958
beautytips,0.077670408743161
tiny_pretty,0.4311202960767865
bevy_activation,0.0660777274780293
libatk-rs,0.043274044659798
flood-tide,0.3409078808318201
patiencediff,0.3005145324080931
im_utils,0.02550399887455
pillid,0.0525601703194136
whereamifrom,0.0794286644630626
cc-utils,0.1964076614617797
identity-hash,0.3774492172589309
nessie-parse,0.0345941568384754
i-ching,0.0563262618911434
golem-examples,0.2061618881792126
defmt-tcp,0.0423417839957908
rssh-tunnel,0.0510697516638818
bevy_card3d_kit,0.0701397434505599
bevy-firebase-firestore,0.0412813487813881
anp-rs-sdk,0.1060278619093499
graphster,0.0902006944462786
worker-kv,0.405888007203682
plexi-core,0.202306210056714
metrics-dashboard,0.2020707374169509
audible_api,0.0384998428754496
egui_drag_value_expr,0.0416171331597026
geocodio,0.0639008822678746
io-impl,0.1772978342985209
ipjdb,0.0612874621486088
yew-more-hooks,0.2480991926206558
gemini-engine,0.1854390584842416
rstaples,0.1857891474327704
kandilli,0.0259570186473346
ethereum-transaction,0.0640464581352136
quadprogpp-sys,0.0344024043534865
proof-of-sql-parser,0.1139689434559279
owasm-vm,0.0674022649760613
sw4rm-sdk,0.0736139430664809
r3_portkit,0.2772334611202107
yew-unocss-transformer,0.0352951293232775
healthcheck-rs,0.0504899268971431
webhdfs,0.0743543518220935
yagi,0.0570721597131989
do-proxy,0.0391752973924529
srv-rs,0.0618781569418364
weekdays,0.0443243086926343
market-maker-rs,0.0891151430414518
winston_daily_rotate_file,0.0651924086870506
iptc,0.0936881555782853
unicorn_hat_hd,0.0516743642110823
unwx,0.0324022811644264
lowdim,0.0485293465348159
hmac-sha1,0.5794507111596977
wot-serve,0.1266098070006248
serde_scala,0.0241424799653959
godot-glam,0.0618828194807226
cec-dpms,0.032789603961071
bevy_lospec,0.0872701332318746
kernelspace,0.0807094218974963
hwi,0.4422670807679257
dose2gmsh,0.0261252634939006
cursor-rules,0.066074113938327
polars-parquet-format,0.6903340336021168
ethers-signer-factory,0.0526124858481116
subtitles,0.0517585633557891
ianaio-console,0.1521796716705662
ecamo,0.0297701388580475
recompose,0.0606941454497769
nu_plugin_dcm,0.1053387361771901
command-run,0.2134451652927358
libflux,0.0591565132904845
gel-o,0.0310305467269024
bevy_global_input,0.069516120994327
what-the-dog-doin,0.0433250081381774
frugalos_core,0.2005969254971373
shotwellvfs,0.0273587054908079
gwipt,0.0964908690972773
rdb,0.0758701418698765
tlsferret,0.0434788786190116
pythongen,0.0397021826266281
fasta_windows,0.0416293605275038
tc-secrets,0.0893014447804956
ajazz-sdk,0.065364456757418
winapi-wsapoll,0.0308395158334816
rpgtools,0.0897280601701984
wallet-signature-verify,0.1017405347354953
wav2c,0.0327987691377963
safe-vex,0.0376542277770826
haru_cmaes,0.0895475060634641
kanjidic_server,0.0469662397546843
media-controller,0.0431499392266827
infsprogs,0.03870068949153
bevy-renderdoc-capture,0.0507787512002985
ur-commit-mentor,0.0831825465568585
sparkle,0.3025076169758506
iso8583_rs,0.0730213411303961
dialectic-tokio-serde,0.1220424343321483
stream_deck_sdk,0.075628189477245
thermalnote,0.0455904092294231
civo-rs,0.0317001579173161
mdbook-rust,0.0647977053581395
reqwest-oauth1,0.4184643833101334
scrubby,0.0657431142118802
jojodiff,0.1347619921002326
contour,0.2077438341841778
sha1-macros,0.0321376994209778
ufile-rus3,0.1159034977696493
logfs-cli,0.0671399749252227
glin-forge,0.090888916786041
debugchrome-cdp-rs,0.1169880369306918
locale_config,0.6382763959156175
lockpad-auth,0.0646497602745684
jobsuche-mcp-server,0.085387565225168
psfparser,0.0474297645690456
murmur2,0.34265652273237
http-auth,0.7322957325910306
charls-sys,0.2508750397580538
amqp-client-cli,0.0734486601376314
animejs-rs,0.0312746252682315
lbank-rs,0.0879138035658042
zed-jwt,0.0791973479513776
holiday_de,0.0410191713610376
ibkr_client_portal,0.1140599905339389
http-error,0.2286716615430834
hpn,0.061999938273402
nvme-amz,0.0343452155909167
compile-time,0.4354628758253007
chamkho,0.1085831106285449
pmgr,0.0511015492677827
rgsm,0.038437951025617
midas_vga,0.0323958978417384
postgres-replication-types,0.0286761769220417
locspan-derive,0.5916903591301322
uniquewords-rs,0.0686933722386209
u2f-hatter-fork,0.0859685268555378
clocked,0.078445141777489
scc2,0.2326062692167307
waterman,0.0377518388475726
async-spin-sleep,0.0982651679893817
kak-popup,0.0824175699153777
porto,0.0467119939753122
sms-terminal,0.1117436617332884
poldercast,0.0530859278761119
nucgen,0.0720999113272669
dbml-language-server,0.0857919053351262
histogram_equalization,0.0610982441132825
binary-ensemble,0.0620714397905719
nu_plugin_x509,0.0873611985013839
routrs,0.0424798080226836
redis-zset-ts,0.0423953420788488
tree-sitter-uxntal,0.0365168704969126
kyuri,0.2197656115092745
bedrust,0.1121830997607685
rust_writer_proc,0.0893913475198482
gmpmee-sys,0.177906819195712
utf16string,0.5098706262218828
version-sync,0.6029425786048448
fortuples,0.4064671218861835
ponjika,0.0424814985706361
nom-date-parsers,0.0430722740231148
perky,0.0788550958762705
ring-math,0.2071291789119194
typomania,0.0614298252655129
steno-drill,0.0285333097746508
galeshapley,0.0268809113082888
fastlin,0.0589970259124606
ktmpl,0.0516682910280637
image-provider,0.1132874335990706
inlay,0.0575848075024115
rnltk,0.1752902438947559
graphcast-cli,0.0309707782316991
hrx,0.0281038733222918
fgoxide,0.2609420233047477
brev,0.2508405909262744
epazote,0.1071047296644005
web-sys-ec,0.0396108368036961
lbasedb,0.1119015724574306
minaws,0.0854564013275925
csvtool,0.040346785778323
socket2-ext,0.0442753559644745
simdscan,0.048947325571643
dirsum,0.0333272537950803
tokio-async-utils,0.0394349981808444
negahban,0.0508467193698083
keygraph-rs,0.0450406888493434
imxrt-iomuxc,0.3219854268384266
twitter-archive,0.0595325102866737
naturalquerylib,0.0367270103371547
picst,0.0841934403705368
mahf,0.2098133733154216
google-smart-home,0.0322659055429878
mindmap,0.0629070385173487
fs_rollback,0.0523458364637407
sys-mount,0.5414119325914576
spawn-cli,0.0932734015811456
codewars-api,0.0382232335169628
ore-private-pool-srv,0.0911572725140084
rush-cli,0.1179030803853074
oco,0.0570744115814078
stuckliste-cli,0.0524735784413478
commoncrypto,0.4446949104312253
charset,0.6830028538735953
fiasto,0.064028375261746
patched_macros,0.1210537841503909
bevy_parallaxation2d,0.0488397714680344
xtask-wasm,0.1096832632137036
tauri-plugin-hotkey,0.09647054433124
bitcoin-nostr-relay,0.075633775592138
libevent-sys,0.475851034726297
atlatl,0.2444721596726409
kanils,0.0487220596858959
ofdb-entities,0.1742799062799266
serde-nu,0.0579334487923838
synext,0.1077073989389133
group_files_into_dirs,0.0604491980989962
message-packetizer,0.0320383004128353
bolt11,0.0288850145640418
dshw,0.0403289690089119
sidex-core,0.0904070026124218
sqlite_dbhash,0.0288770942214805
mock-http-connector,0.1034750635189244
dns2socks,0.1108553622253062
frontmatter-gen,0.3243976596569313
stop-token,0.6360714239001934
hmac-sha1-compact,0.5676426141683449
kungfu,0.1183547763314552
ieu,0.1253406197214989
decdnnf_rs,0.0654751212896868
moleculec-go,0.0579946003271778
orouter-wireless,0.0305448904665137
disk-serial-number,0.0550661684380164
knightrs,0.0527935380571767
snowplow_tracker,0.1117548164655699
rust-cfzt-validator,0.0773749899647213
capella,0.0549230716471662
financial-recurrence,0.0320706983961161
todo-to-issue,0.047102587558814
numpress-rs,0.159509119028155
wen_new_standard,0.0600399586035948
notoize,0.0884332945665243
minisign-verify,0.5183763534666851
pni-sdk,0.0222874646704308
sea-query-common-like,0.1083084664021671
vuquest-3320,0.0254032489540869
turtlefmt,0.04458960640063
wav_inspect,0.0249130063374182
papercut,0.0447020784249455
dict_derive,0.3534626641668
hilbert-geometry,0.0433496097452529
nano-gcp-logging,0.0703437553721495
rscenes-macros,0.0676136130858142
cargo-assemble,0.0452819471182656
petra_grid,0.0275186997635762
maflow,0.2329222702897156
rebacdb,0.0262367730488129
j1939-macros,0.0758274618423614
mle1,0.0362296685620932
futures-buffered,0.7038048306524535
rsstreamslice_server,0.035488778275772
chronograph-macros,0.0531116259218542
lease,0.0682386965438053
ope,0.231056458200131
bevy_2delight_layers,0.031966574991102
concave_hull,0.056291816475243
linguist-rs-build,0.0552197835596604
azure-ecs-rs,0.1256864890837504
diesel-x86,0.0643908605533578
mulm,0.0546049973577898
monotonic-time-rs,0.5055843608780874
flv-tls-proxy,0.3654522801689184
nougat-proc_macros,0.571383251411653
hadris-iso,0.1734669346706972
dia,0.0282420618032029
logic-form,0.2323760283409096
vast,0.2612499628556573
colony-utils,0.1242474722997648
